"neighborhood","crimetype","occurrence","family.with.kids.severity.","Student.severity.","elderly.severity."
"ALASKA JUNCTION","",5,NA,NA,NA
"ALASKA JUNCTION","AGGRAVATED ASSAULT",144,7,7,8
"ALASKA JUNCTION","AGGRAVATED ASSAULT-DV",98,5,5,6
"ALASKA JUNCTION","ARSON",10,8,8,10
"ALASKA JUNCTION","BURGLARY-COMMERCIAL",368,1,1,3
"ALASKA JUNCTION","BURGLARY-COMMERCIAL-SECURE PARKING",15,1,1,3
"ALASKA JUNCTION","BURGLARY-RESIDENTIAL",661,8,7,4
"ALASKA JUNCTION","BURGLARY-RESIDENTIAL-SECURE PARKING",233,8,7,4
"ALASKA JUNCTION","CAR PROWL",1928,5,5,5
"ALASKA JUNCTION","DISORDERLY CONDUCT",5,3,4,4
"ALASKA JUNCTION","DUI",206,6,7,5
"ALASKA JUNCTION","FAMILY OFFENSE-NONVIOLENT",90,3,4,4
"ALASKA JUNCTION","HOMICIDE",3,10,10,10
"ALASKA JUNCTION","LIQUOR LAW VIOLATION",12,1,2,2
"ALASKA JUNCTION","LOITERING",2,0,0,0
"ALASKA JUNCTION","MOTOR VEHICLE THEFT",721,1,2,2
"ALASKA JUNCTION","NARCOTIC",76,10,9,8
"ALASKA JUNCTION","PORNOGRAPHY",6,0,0,0
"ALASKA JUNCTION","PROSTITUTION",11,8,7,7
"ALASKA JUNCTION","RAPE",21,9,8,9
"ALASKA JUNCTION","ROBBERY-COMMERCIAL",102,5,5,5
"ALASKA JUNCTION","ROBBERY-RESIDENTIAL",7,8,7,9
"ALASKA JUNCTION","ROBBERY-STREET",100,7,7,9
"ALASKA JUNCTION","SEX OFFENSE-OTHER",66,8,6,6
"ALASKA JUNCTION","THEFT-ALL OTHER",741,3,2,3
"ALASKA JUNCTION","THEFT-BICYCLE",107,2,4,2
"ALASKA JUNCTION","THEFT-BUILDING",345,5,4,5
"ALASKA JUNCTION","THEFT-SHOPLIFT",796,1,2,1
"ALASKA JUNCTION","TRESPASS",182,4,2,5
"ALASKA JUNCTION","WEAPON",28,9,8,9
"ALKI","",1,NA,NA,NA
"ALKI","AGGRAVATED ASSAULT",74,7,7,8
"ALKI","AGGRAVATED ASSAULT-DV",42,5,5,6
"ALKI","ARSON",3,8,8,10
"ALKI","BURGLARY-COMMERCIAL",74,1,1,3
"ALKI","BURGLARY-COMMERCIAL-SECURE PARKING",3,1,1,3
"ALKI","BURGLARY-RESIDENTIAL",313,8,7,4
"ALKI","BURGLARY-RESIDENTIAL-SECURE PARKING",65,8,7,4
"ALKI","CAR PROWL",837,5,5,5
"ALKI","DISORDERLY CONDUCT",1,3,4,4
"ALKI","DUI",86,6,7,5
"ALKI","FAMILY OFFENSE-NONVIOLENT",43,3,4,4
"ALKI","HOMICIDE",3,10,10,10
"ALKI","LIQUOR LAW VIOLATION",16,1,2,2
"ALKI","MOTOR VEHICLE THEFT",313,1,2,2
"ALKI","NARCOTIC",13,10,9,8
"ALKI","PORNOGRAPHY",2,0,0,0
"ALKI","RAPE",8,9,8,9
"ALKI","ROBBERY-COMMERCIAL",1,5,5,5
"ALKI","ROBBERY-RESIDENTIAL",3,8,7,9
"ALKI","ROBBERY-STREET",35,7,7,9
"ALKI","SEX OFFENSE-OTHER",24,8,6,6
"ALKI","THEFT-ALL OTHER",315,3,2,3
"ALKI","THEFT-BICYCLE",79,2,4,2
"ALKI","THEFT-BUILDING",65,5,4,5
"ALKI","THEFT-SHOPLIFT",13,1,2,1
"ALKI","TRESPASS",29,4,2,5
"ALKI","WEAPON",24,9,8,9
"BALLARD NORTH","",9,NA,NA,NA
"BALLARD NORTH","AGGRAVATED ASSAULT",219,7,7,8
"BALLARD NORTH","AGGRAVATED ASSAULT-DV",111,5,5,6
"BALLARD NORTH","ARSON",27,8,8,10
"BALLARD NORTH","BURGLARY-COMMERCIAL",455,1,1,3
"BALLARD NORTH","BURGLARY-COMMERCIAL-SECURE PARKING",5,1,1,3
"BALLARD NORTH","BURGLARY-RESIDENTIAL",1654,8,7,4
"BALLARD NORTH","BURGLARY-RESIDENTIAL-SECURE PARKING",76,8,7,4
"BALLARD NORTH","CAR PROWL",3854,5,5,5
"BALLARD NORTH","DISORDERLY CONDUCT",1,3,4,4
"BALLARD NORTH","DUI",324,6,7,5
"BALLARD NORTH","FAMILY OFFENSE-NONVIOLENT",140,3,4,4
"BALLARD NORTH","LIQUOR LAW VIOLATION",54,1,2,2
"BALLARD NORTH","MOTOR VEHICLE THEFT",1092,1,2,2
"BALLARD NORTH","NARCOTIC",103,10,9,8
"BALLARD NORTH","PORNOGRAPHY",6,0,0,0
"BALLARD NORTH","PROSTITUTION",9,8,7,7
"BALLARD NORTH","RAPE",33,9,8,9
"BALLARD NORTH","ROBBERY-COMMERCIAL",77,5,5,5
"BALLARD NORTH","ROBBERY-RESIDENTIAL",15,8,7,9
"BALLARD NORTH","ROBBERY-STREET",155,7,7,9
"BALLARD NORTH","SEX OFFENSE-OTHER",133,8,6,6
"BALLARD NORTH","THEFT-ALL OTHER",1260,3,2,3
"BALLARD NORTH","THEFT-BICYCLE",227,2,4,2
"BALLARD NORTH","THEFT-BUILDING",292,5,4,5
"BALLARD NORTH","THEFT-SHOPLIFT",542,1,2,1
"BALLARD NORTH","TRESPASS",184,4,2,5
"BALLARD NORTH","WEAPON",52,9,8,9
"BALLARD SOUTH","",12,NA,NA,NA
"BALLARD SOUTH","AGGRAVATED ASSAULT",422,7,7,8
"BALLARD SOUTH","AGGRAVATED ASSAULT-DV",132,5,5,6
"BALLARD SOUTH","ARSON",23,8,8,10
"BALLARD SOUTH","BURGLARY-COMMERCIAL",985,1,1,3
"BALLARD SOUTH","BURGLARY-COMMERCIAL-SECURE PARKING",31,1,1,3
"BALLARD SOUTH","BURGLARY-RESIDENTIAL",984,8,7,4
"BALLARD SOUTH","BURGLARY-RESIDENTIAL-SECURE PARKING",447,8,7,4
"BALLARD SOUTH","CAR PROWL",4299,5,5,5
"BALLARD SOUTH","DISORDERLY CONDUCT",5,3,4,4
"BALLARD SOUTH","DUI",656,6,7,5
"BALLARD SOUTH","FAMILY OFFENSE-NONVIOLENT",89,3,4,4
"BALLARD SOUTH","HOMICIDE",7,10,10,10
"BALLARD SOUTH","LIQUOR LAW VIOLATION",34,1,2,2
"BALLARD SOUTH","LOITERING",1,0,0,0
"BALLARD SOUTH","MOTOR VEHICLE THEFT",1547,1,2,2
"BALLARD SOUTH","NARCOTIC",201,10,9,8
"BALLARD SOUTH","PORNOGRAPHY",1,0,0,0
"BALLARD SOUTH","RAPE",34,9,8,9
"BALLARD SOUTH","ROBBERY-COMMERCIAL",180,5,5,5
"BALLARD SOUTH","ROBBERY-RESIDENTIAL",16,8,7,9
"BALLARD SOUTH","ROBBERY-STREET",135,7,7,9
"BALLARD SOUTH","SEX OFFENSE-OTHER",118,8,6,6
"BALLARD SOUTH","THEFT-ALL OTHER",1697,3,2,3
"BALLARD SOUTH","THEFT-BICYCLE",600,2,4,2
"BALLARD SOUTH","THEFT-BUILDING",621,5,4,5
"BALLARD SOUTH","THEFT-SHOPLIFT",1699,1,2,1
"BALLARD SOUTH","TRESPASS",559,4,2,5
"BALLARD SOUTH","WEAPON",76,9,8,9
"BELLTOWN","",10,NA,NA,NA
"BELLTOWN","AGGRAVATED ASSAULT",628,7,7,8
"BELLTOWN","AGGRAVATED ASSAULT-DV",122,5,5,6
"BELLTOWN","ARSON",14,8,8,10
"BELLTOWN","BURGLARY-COMMERCIAL",570,1,1,3
"BELLTOWN","BURGLARY-COMMERCIAL-SECURE PARKING",54,1,1,3
"BELLTOWN","BURGLARY-RESIDENTIAL",351,8,7,4
"BELLTOWN","BURGLARY-RESIDENTIAL-SECURE PARKING",359,8,7,4
"BELLTOWN","CAR PROWL",6500,5,5,5
"BELLTOWN","DISORDERLY CONDUCT",12,3,4,4
"BELLTOWN","DUI",400,6,7,5
"BELLTOWN","FAMILY OFFENSE-NONVIOLENT",51,3,4,4
"BELLTOWN","HOMICIDE",10,10,10,10
"BELLTOWN","LIQUOR LAW VIOLATION",54,1,2,2
"BELLTOWN","LOITERING",1,0,0,0
"BELLTOWN","MOTOR VEHICLE THEFT",510,1,2,2
"BELLTOWN","NARCOTIC",1258,10,9,8
"BELLTOWN","PROSTITUTION",86,8,7,7
"BELLTOWN","RAPE",59,9,8,9
"BELLTOWN","ROBBERY-COMMERCIAL",78,5,5,5
"BELLTOWN","ROBBERY-RESIDENTIAL",17,8,7,9
"BELLTOWN","ROBBERY-STREET",400,7,7,9
"BELLTOWN","SEX OFFENSE-OTHER",131,8,6,6
"BELLTOWN","THEFT-ALL OTHER",1570,3,2,3
"BELLTOWN","THEFT-BICYCLE",221,2,4,2
"BELLTOWN","THEFT-BUILDING",856,5,4,5
"BELLTOWN","THEFT-SHOPLIFT",466,1,2,1
"BELLTOWN","TRESPASS",406,4,2,5
"BELLTOWN","WEAPON",176,9,8,9
"BITTERLAKE","",7,NA,NA,NA
"BITTERLAKE","AGGRAVATED ASSAULT",259,7,7,8
"BITTERLAKE","AGGRAVATED ASSAULT-DV",195,5,5,6
"BITTERLAKE","ARSON",19,8,8,10
"BITTERLAKE","BURGLARY-COMMERCIAL",440,1,1,3
"BITTERLAKE","BURGLARY-COMMERCIAL-SECURE PARKING",26,1,1,3
"BITTERLAKE","BURGLARY-RESIDENTIAL",1388,8,7,4
"BITTERLAKE","BURGLARY-RESIDENTIAL-SECURE PARKING",254,8,7,4
"BITTERLAKE","CAR PROWL",2756,5,5,5
"BITTERLAKE","DISORDERLY CONDUCT",2,3,4,4
"BITTERLAKE","DUI",228,6,7,5
"BITTERLAKE","FAMILY OFFENSE-NONVIOLENT",167,3,4,4
"BITTERLAKE","HOMICIDE",4,10,10,10
"BITTERLAKE","LIQUOR LAW VIOLATION",15,1,2,2
"BITTERLAKE","LOITERING",1,0,0,0
"BITTERLAKE","MOTOR VEHICLE THEFT",995,1,2,2
"BITTERLAKE","NARCOTIC",194,10,9,8
"BITTERLAKE","PORNOGRAPHY",4,0,0,0
"BITTERLAKE","PROSTITUTION",123,8,7,7
"BITTERLAKE","RAPE",51,9,8,9
"BITTERLAKE","ROBBERY-COMMERCIAL",85,5,5,5
"BITTERLAKE","ROBBERY-RESIDENTIAL",46,8,7,9
"BITTERLAKE","ROBBERY-STREET",139,7,7,9
"BITTERLAKE","SEX OFFENSE-OTHER",139,8,6,6
"BITTERLAKE","THEFT-ALL OTHER",1224,3,2,3
"BITTERLAKE","THEFT-BICYCLE",133,2,4,2
"BITTERLAKE","THEFT-BUILDING",329,5,4,5
"BITTERLAKE","THEFT-SHOPLIFT",371,1,2,1
"BITTERLAKE","TRESPASS",332,4,2,5
"BITTERLAKE","WEAPON",72,9,8,9
"BRIGHTON/DUNLAP","",5,NA,NA,NA
"BRIGHTON/DUNLAP","AGGRAVATED ASSAULT",375,7,7,8
"BRIGHTON/DUNLAP","AGGRAVATED ASSAULT-DV",289,5,5,6
"BRIGHTON/DUNLAP","ARSON",22,8,8,10
"BRIGHTON/DUNLAP","BURGLARY-COMMERCIAL",181,1,1,3
"BRIGHTON/DUNLAP","BURGLARY-COMMERCIAL-SECURE PARKING",2,1,1,3
"BRIGHTON/DUNLAP","BURGLARY-RESIDENTIAL",1148,8,7,4
"BRIGHTON/DUNLAP","BURGLARY-RESIDENTIAL-SECURE PARKING",28,8,7,4
"BRIGHTON/DUNLAP","CAR PROWL",1133,5,5,5
"BRIGHTON/DUNLAP","DISORDERLY CONDUCT",3,3,4,4
"BRIGHTON/DUNLAP","DUI",223,6,7,5
"BRIGHTON/DUNLAP","FAMILY OFFENSE-NONVIOLENT",180,3,4,4
"BRIGHTON/DUNLAP","GAMBLE",2,3,3,3
"BRIGHTON/DUNLAP","HOMICIDE",19,10,10,10
"BRIGHTON/DUNLAP","LIQUOR LAW VIOLATION",31,1,2,2
"BRIGHTON/DUNLAP","LOITERING",1,0,0,0
"BRIGHTON/DUNLAP","MOTOR VEHICLE THEFT",1027,1,2,2
"BRIGHTON/DUNLAP","NARCOTIC",329,10,9,8
"BRIGHTON/DUNLAP","PORNOGRAPHY",1,0,0,0
"BRIGHTON/DUNLAP","PROSTITUTION",33,8,7,7
"BRIGHTON/DUNLAP","RAPE",36,9,8,9
"BRIGHTON/DUNLAP","ROBBERY-COMMERCIAL",45,5,5,5
"BRIGHTON/DUNLAP","ROBBERY-RESIDENTIAL",43,8,7,9
"BRIGHTON/DUNLAP","ROBBERY-STREET",475,7,7,9
"BRIGHTON/DUNLAP","SEX OFFENSE-OTHER",101,8,6,6
"BRIGHTON/DUNLAP","THEFT-ALL OTHER",702,3,2,3
"BRIGHTON/DUNLAP","THEFT-BICYCLE",51,2,4,2
"BRIGHTON/DUNLAP","THEFT-BUILDING",181,5,4,5
"BRIGHTON/DUNLAP","THEFT-SHOPLIFT",85,1,2,1
"BRIGHTON/DUNLAP","TRESPASS",146,4,2,5
"BRIGHTON/DUNLAP","WEAPON",173,9,8,9
"CAPITOL HILL","",10,NA,NA,NA
"CAPITOL HILL","AGGRAVATED ASSAULT",1222,7,7,8
"CAPITOL HILL","AGGRAVATED ASSAULT-DV",317,5,5,6
"CAPITOL HILL","ARSON",56,8,8,10
"CAPITOL HILL","BURGLARY-COMMERCIAL",1198,1,1,3
"CAPITOL HILL","BURGLARY-COMMERCIAL-SECURE PARKING",84,1,1,3
"CAPITOL HILL","BURGLARY-RESIDENTIAL",1744,8,7,4
"CAPITOL HILL","BURGLARY-RESIDENTIAL-SECURE PARKING",1135,8,7,4
"CAPITOL HILL","CAR PROWL",6934,5,5,5
"CAPITOL HILL","DISORDERLY CONDUCT",28,3,4,4
"CAPITOL HILL","DUI",951,6,7,5
"CAPITOL HILL","FAMILY OFFENSE-NONVIOLENT",183,3,4,4
"CAPITOL HILL","HOMICIDE",11,10,10,10
"CAPITOL HILL","LIQUOR LAW VIOLATION",165,1,2,2
"CAPITOL HILL","LOITERING",4,0,0,0
"CAPITOL HILL","MOTOR VEHICLE THEFT",2108,1,2,2
"CAPITOL HILL","NARCOTIC",1207,10,9,8
"CAPITOL HILL","PORNOGRAPHY",13,0,0,0
"CAPITOL HILL","PROSTITUTION",7,8,7,7
"CAPITOL HILL","RAPE",110,9,8,9
"CAPITOL HILL","ROBBERY-COMMERCIAL",331,5,5,5
"CAPITOL HILL","ROBBERY-RESIDENTIAL",43,8,7,9
"CAPITOL HILL","ROBBERY-STREET",826,7,7,9
"CAPITOL HILL","SEX OFFENSE-OTHER",406,8,6,6
"CAPITOL HILL","THEFT-ALL OTHER",3527,3,2,3
"CAPITOL HILL","THEFT-BICYCLE",891,2,4,2
"CAPITOL HILL","THEFT-BUILDING",1890,5,4,5
"CAPITOL HILL","THEFT-SHOPLIFT",3096,1,2,1
"CAPITOL HILL","TRESPASS",1844,4,2,5
"CAPITOL HILL","WEAPON",394,9,8,9
"CENTRAL AREA/SQUIRE PARK","",9,NA,NA,NA
"CENTRAL AREA/SQUIRE PARK","AGGRAVATED ASSAULT",389,7,7,8
"CENTRAL AREA/SQUIRE PARK","AGGRAVATED ASSAULT-DV",275,5,5,6
"CENTRAL AREA/SQUIRE PARK","ARSON",22,8,8,10
"CENTRAL AREA/SQUIRE PARK","BURGLARY-COMMERCIAL",395,1,1,3
"CENTRAL AREA/SQUIRE PARK","BURGLARY-COMMERCIAL-SECURE PARKING",13,1,1,3
"CENTRAL AREA/SQUIRE PARK","BURGLARY-RESIDENTIAL",1693,8,7,4
"CENTRAL AREA/SQUIRE PARK","BURGLARY-RESIDENTIAL-SECURE PARKING",152,8,7,4
"CENTRAL AREA/SQUIRE PARK","CAR PROWL",2754,5,5,5
"CENTRAL AREA/SQUIRE PARK","DISORDERLY CONDUCT",7,3,4,4
"CENTRAL AREA/SQUIRE PARK","DUI",355,6,7,5
"CENTRAL AREA/SQUIRE PARK","FAMILY OFFENSE-NONVIOLENT",227,3,4,4
"CENTRAL AREA/SQUIRE PARK","GAMBLE",2,3,3,3
"CENTRAL AREA/SQUIRE PARK","HOMICIDE",16,10,10,10
"CENTRAL AREA/SQUIRE PARK","LIQUOR LAW VIOLATION",26,1,2,2
"CENTRAL AREA/SQUIRE PARK","MOTOR VEHICLE THEFT",966,1,2,2
"CENTRAL AREA/SQUIRE PARK","NARCOTIC",473,10,9,8
"CENTRAL AREA/SQUIRE PARK","PORNOGRAPHY",7,0,0,0
"CENTRAL AREA/SQUIRE PARK","PROSTITUTION",18,8,7,7
"CENTRAL AREA/SQUIRE PARK","RAPE",42,9,8,9
"CENTRAL AREA/SQUIRE PARK","ROBBERY-COMMERCIAL",101,5,5,5
"CENTRAL AREA/SQUIRE PARK","ROBBERY-RESIDENTIAL",38,8,7,9
"CENTRAL AREA/SQUIRE PARK","ROBBERY-STREET",477,7,7,9
"CENTRAL AREA/SQUIRE PARK","SEX OFFENSE-OTHER",169,8,6,6
"CENTRAL AREA/SQUIRE PARK","THEFT-ALL OTHER",1514,3,2,3
"CENTRAL AREA/SQUIRE PARK","THEFT-BICYCLE",255,2,4,2
"CENTRAL AREA/SQUIRE PARK","THEFT-BUILDING",595,5,4,5
"CENTRAL AREA/SQUIRE PARK","THEFT-SHOPLIFT",480,1,2,1
"CENTRAL AREA/SQUIRE PARK","TRESPASS",582,4,2,5
"CENTRAL AREA/SQUIRE PARK","WEAPON",165,9,8,9
"CHINATOWN/INTERNATIONAL DISTRICT","",6,NA,NA,NA
"CHINATOWN/INTERNATIONAL DISTRICT","AGGRAVATED ASSAULT",522,7,7,8
"CHINATOWN/INTERNATIONAL DISTRICT","AGGRAVATED ASSAULT-DV",102,5,5,6
"CHINATOWN/INTERNATIONAL DISTRICT","ARSON",14,8,8,10
"CHINATOWN/INTERNATIONAL DISTRICT","BURGLARY-COMMERCIAL",637,1,1,3
"CHINATOWN/INTERNATIONAL DISTRICT","BURGLARY-COMMERCIAL-SECURE PARKING",15,1,1,3
"CHINATOWN/INTERNATIONAL DISTRICT","BURGLARY-RESIDENTIAL",167,8,7,4
"CHINATOWN/INTERNATIONAL DISTRICT","BURGLARY-RESIDENTIAL-SECURE PARKING",56,8,7,4
"CHINATOWN/INTERNATIONAL DISTRICT","CAR PROWL",2507,5,5,5
"CHINATOWN/INTERNATIONAL DISTRICT","DISORDERLY CONDUCT",12,3,4,4
"CHINATOWN/INTERNATIONAL DISTRICT","DUI",229,6,7,5
"CHINATOWN/INTERNATIONAL DISTRICT","FAMILY OFFENSE-NONVIOLENT",65,3,4,4
"CHINATOWN/INTERNATIONAL DISTRICT","GAMBLE",1,3,3,3
"CHINATOWN/INTERNATIONAL DISTRICT","HOMICIDE",12,10,10,10
"CHINATOWN/INTERNATIONAL DISTRICT","LIQUOR LAW VIOLATION",76,1,2,2
"CHINATOWN/INTERNATIONAL DISTRICT","LOITERING",2,0,0,0
"CHINATOWN/INTERNATIONAL DISTRICT","MOTOR VEHICLE THEFT",553,1,2,2
"CHINATOWN/INTERNATIONAL DISTRICT","NARCOTIC",1205,10,9,8
"CHINATOWN/INTERNATIONAL DISTRICT","PROSTITUTION",288,8,7,7
"CHINATOWN/INTERNATIONAL DISTRICT","RAPE",47,9,8,9
"CHINATOWN/INTERNATIONAL DISTRICT","ROBBERY-COMMERCIAL",228,5,5,5
"CHINATOWN/INTERNATIONAL DISTRICT","ROBBERY-RESIDENTIAL",13,8,7,9
"CHINATOWN/INTERNATIONAL DISTRICT","ROBBERY-STREET",514,7,7,9
"CHINATOWN/INTERNATIONAL DISTRICT","SEX OFFENSE-OTHER",107,8,6,6
"CHINATOWN/INTERNATIONAL DISTRICT","THEFT-ALL OTHER",941,3,2,3
"CHINATOWN/INTERNATIONAL DISTRICT","THEFT-BICYCLE",130,2,4,2
"CHINATOWN/INTERNATIONAL DISTRICT","THEFT-BUILDING",443,5,4,5
"CHINATOWN/INTERNATIONAL DISTRICT","THEFT-SHOPLIFT",5670,1,2,1
"CHINATOWN/INTERNATIONAL DISTRICT","TRESPASS",668,4,2,5
"CHINATOWN/INTERNATIONAL DISTRICT","WEAPON",171,9,8,9
"CLAREMONT/RAINIER VISTA","",3,NA,NA,NA
"CLAREMONT/RAINIER VISTA","AGGRAVATED ASSAULT",128,7,7,8
"CLAREMONT/RAINIER VISTA","AGGRAVATED ASSAULT-DV",83,5,5,6
"CLAREMONT/RAINIER VISTA","ARSON",6,8,8,10
"CLAREMONT/RAINIER VISTA","BURGLARY-COMMERCIAL",106,1,1,3
"CLAREMONT/RAINIER VISTA","BURGLARY-RESIDENTIAL",393,8,7,4
"CLAREMONT/RAINIER VISTA","BURGLARY-RESIDENTIAL-SECURE PARKING",1,8,7,4
"CLAREMONT/RAINIER VISTA","CAR PROWL",458,5,5,5
"CLAREMONT/RAINIER VISTA","DISORDERLY CONDUCT",1,3,4,4
"CLAREMONT/RAINIER VISTA","DUI",64,6,7,5
"CLAREMONT/RAINIER VISTA","FAMILY OFFENSE-NONVIOLENT",61,3,4,4
"CLAREMONT/RAINIER VISTA","HOMICIDE",3,10,10,10
"CLAREMONT/RAINIER VISTA","LIQUOR LAW VIOLATION",12,1,2,2
"CLAREMONT/RAINIER VISTA","MOTOR VEHICLE THEFT",341,1,2,2
"CLAREMONT/RAINIER VISTA","NARCOTIC",91,10,9,8
"CLAREMONT/RAINIER VISTA","PROSTITUTION",2,8,7,7
"CLAREMONT/RAINIER VISTA","RAPE",11,9,8,9
"CLAREMONT/RAINIER VISTA","ROBBERY-COMMERCIAL",19,5,5,5
"CLAREMONT/RAINIER VISTA","ROBBERY-RESIDENTIAL",19,8,7,9
"CLAREMONT/RAINIER VISTA","ROBBERY-STREET",122,7,7,9
"CLAREMONT/RAINIER VISTA","SEX OFFENSE-OTHER",48,8,6,6
"CLAREMONT/RAINIER VISTA","THEFT-ALL OTHER",263,3,2,3
"CLAREMONT/RAINIER VISTA","THEFT-BICYCLE",13,2,4,2
"CLAREMONT/RAINIER VISTA","THEFT-BUILDING",94,5,4,5
"CLAREMONT/RAINIER VISTA","THEFT-SHOPLIFT",35,1,2,1
"CLAREMONT/RAINIER VISTA","TRESPASS",92,4,2,5
"CLAREMONT/RAINIER VISTA","WEAPON",38,9,8,9
"COLUMBIA CITY","",3,NA,NA,NA
"COLUMBIA CITY","AGGRAVATED ASSAULT",108,7,7,8
"COLUMBIA CITY","AGGRAVATED ASSAULT-DV",112,5,5,6
"COLUMBIA CITY","ARSON",10,8,8,10
"COLUMBIA CITY","BURGLARY-COMMERCIAL",167,1,1,3
"COLUMBIA CITY","BURGLARY-COMMERCIAL-SECURE PARKING",3,1,1,3
"COLUMBIA CITY","BURGLARY-RESIDENTIAL",499,8,7,4
"COLUMBIA CITY","BURGLARY-RESIDENTIAL-SECURE PARKING",30,8,7,4
"COLUMBIA CITY","CAR PROWL",824,5,5,5
"COLUMBIA CITY","DISORDERLY CONDUCT",2,3,4,4
"COLUMBIA CITY","DUI",45,6,7,5
"COLUMBIA CITY","FAMILY OFFENSE-NONVIOLENT",69,3,4,4
"COLUMBIA CITY","HOMICIDE",3,10,10,10
"COLUMBIA CITY","LIQUOR LAW VIOLATION",6,1,2,2
"COLUMBIA CITY","LOITERING",1,0,0,0
"COLUMBIA CITY","MOTOR VEHICLE THEFT",404,1,2,2
"COLUMBIA CITY","NARCOTIC",97,10,9,8
"COLUMBIA CITY","PORNOGRAPHY",2,0,0,0
"COLUMBIA CITY","PROSTITUTION",15,8,7,7
"COLUMBIA CITY","RAPE",9,9,8,9
"COLUMBIA CITY","ROBBERY-COMMERCIAL",26,5,5,5
"COLUMBIA CITY","ROBBERY-RESIDENTIAL",13,8,7,9
"COLUMBIA CITY","ROBBERY-STREET",141,7,7,9
"COLUMBIA CITY","SEX OFFENSE-OTHER",48,8,6,6
"COLUMBIA CITY","THEFT-ALL OTHER",321,3,2,3
"COLUMBIA CITY","THEFT-BICYCLE",95,2,4,2
"COLUMBIA CITY","THEFT-BUILDING",161,5,4,5
"COLUMBIA CITY","THEFT-SHOPLIFT",60,1,2,1
"COLUMBIA CITY","TRESPASS",63,4,2,5
"COLUMBIA CITY","WEAPON",48,9,8,9
"COMMERCIAL DUWAMISH","AGGRAVATED ASSAULT",13,7,7,8
"COMMERCIAL DUWAMISH","AGGRAVATED ASSAULT-DV",7,5,5,6
"COMMERCIAL DUWAMISH","ARSON",1,8,8,10
"COMMERCIAL DUWAMISH","BURGLARY-COMMERCIAL",32,1,1,3
"COMMERCIAL DUWAMISH","BURGLARY-COMMERCIAL-SECURE PARKING",1,1,1,3
"COMMERCIAL DUWAMISH","CAR PROWL",99,5,5,5
"COMMERCIAL DUWAMISH","DUI",67,6,7,5
"COMMERCIAL DUWAMISH","FAMILY OFFENSE-NONVIOLENT",2,3,4,4
"COMMERCIAL DUWAMISH","MOTOR VEHICLE THEFT",30,1,2,2
"COMMERCIAL DUWAMISH","NARCOTIC",7,10,9,8
"COMMERCIAL DUWAMISH","ROBBERY-STREET",3,7,7,9
"COMMERCIAL DUWAMISH","SEX OFFENSE-OTHER",2,8,6,6
"COMMERCIAL DUWAMISH","THEFT-ALL OTHER",37,3,2,3
"COMMERCIAL DUWAMISH","THEFT-BICYCLE",6,2,4,2
"COMMERCIAL DUWAMISH","THEFT-BUILDING",1,5,4,5
"COMMERCIAL DUWAMISH","THEFT-SHOPLIFT",1,1,2,1
"COMMERCIAL DUWAMISH","TRESPASS",5,4,2,5
"COMMERCIAL DUWAMISH","WEAPON",4,9,8,9
"COMMERCIAL HARBOR ISLAND","AGGRAVATED ASSAULT",9,7,7,8
"COMMERCIAL HARBOR ISLAND","AGGRAVATED ASSAULT-DV",1,5,5,6
"COMMERCIAL HARBOR ISLAND","BURGLARY-COMMERCIAL",38,1,1,3
"COMMERCIAL HARBOR ISLAND","BURGLARY-COMMERCIAL-SECURE PARKING",1,1,1,3
"COMMERCIAL HARBOR ISLAND","BURGLARY-RESIDENTIAL",1,8,7,4
"COMMERCIAL HARBOR ISLAND","CAR PROWL",25,5,5,5
"COMMERCIAL HARBOR ISLAND","DUI",23,6,7,5
"COMMERCIAL HARBOR ISLAND","MOTOR VEHICLE THEFT",20,1,2,2
"COMMERCIAL HARBOR ISLAND","NARCOTIC",4,10,9,8
"COMMERCIAL HARBOR ISLAND","SEX OFFENSE-OTHER",1,8,6,6
"COMMERCIAL HARBOR ISLAND","THEFT-ALL OTHER",31,3,2,3
"COMMERCIAL HARBOR ISLAND","THEFT-BICYCLE",1,2,4,2
"COMMERCIAL HARBOR ISLAND","THEFT-BUILDING",9,5,4,5
"COMMERCIAL HARBOR ISLAND","TRESPASS",13,4,2,5
"DOWNTOWN COMMERCIAL","",13,NA,NA,NA
"DOWNTOWN COMMERCIAL","AGGRAVATED ASSAULT",1751,7,7,8
"DOWNTOWN COMMERCIAL","AGGRAVATED ASSAULT-DV",201,5,5,6
"DOWNTOWN COMMERCIAL","ARSON",36,8,8,10
"DOWNTOWN COMMERCIAL","BURGLARY-COMMERCIAL",1802,1,1,3
"DOWNTOWN COMMERCIAL","BURGLARY-COMMERCIAL-SECURE PARKING",128,1,1,3
"DOWNTOWN COMMERCIAL","BURGLARY-RESIDENTIAL",217,8,7,4
"DOWNTOWN COMMERCIAL","BURGLARY-RESIDENTIAL-SECURE PARKING",129,8,7,4
"DOWNTOWN COMMERCIAL","CAR PROWL",12295,5,5,5
"DOWNTOWN COMMERCIAL","DISORDERLY CONDUCT",80,3,4,4
"DOWNTOWN COMMERCIAL","DUI",601,6,7,5
"DOWNTOWN COMMERCIAL","FAMILY OFFENSE-NONVIOLENT",371,3,4,4
"DOWNTOWN COMMERCIAL","GAMBLE",3,3,3,3
"DOWNTOWN COMMERCIAL","HOMICIDE",16,10,10,10
"DOWNTOWN COMMERCIAL","LIQUOR LAW VIOLATION",198,1,2,2
"DOWNTOWN COMMERCIAL","LOITERING",7,0,0,0
"DOWNTOWN COMMERCIAL","MOTOR VEHICLE THEFT",866,1,2,2
"DOWNTOWN COMMERCIAL","NARCOTIC",4334,10,9,8
"DOWNTOWN COMMERCIAL","PORNOGRAPHY",57,0,0,0
"DOWNTOWN COMMERCIAL","PROSTITUTION",124,8,7,7
"DOWNTOWN COMMERCIAL","RAPE",139,9,8,9
"DOWNTOWN COMMERCIAL","ROBBERY-COMMERCIAL",681,5,5,5
"DOWNTOWN COMMERCIAL","ROBBERY-RESIDENTIAL",43,8,7,9
"DOWNTOWN COMMERCIAL","ROBBERY-STREET",1589,7,7,9
"DOWNTOWN COMMERCIAL","SEX OFFENSE-OTHER",601,8,6,6
"DOWNTOWN COMMERCIAL","THEFT-ALL OTHER",5056,3,2,3
"DOWNTOWN COMMERCIAL","THEFT-BICYCLE",793,2,4,2
"DOWNTOWN COMMERCIAL","THEFT-BUILDING",2831,5,4,5
"DOWNTOWN COMMERCIAL","THEFT-SHOPLIFT",11160,1,2,1
"DOWNTOWN COMMERCIAL","TRESPASS",2210,4,2,5
"DOWNTOWN COMMERCIAL","WEAPON",610,9,8,9
"EASTLAKE - EAST","AGGRAVATED ASSAULT",11,7,7,8
"EASTLAKE - EAST","AGGRAVATED ASSAULT-DV",8,5,5,6
"EASTLAKE - EAST","ARSON",1,8,8,10
"EASTLAKE - EAST","BURGLARY-COMMERCIAL",24,1,1,3
"EASTLAKE - EAST","BURGLARY-COMMERCIAL-SECURE PARKING",1,1,1,3
"EASTLAKE - EAST","BURGLARY-RESIDENTIAL",89,8,7,4
"EASTLAKE - EAST","BURGLARY-RESIDENTIAL-SECURE PARKING",43,8,7,4
"EASTLAKE - EAST","CAR PROWL",351,5,5,5
"EASTLAKE - EAST","DUI",17,6,7,5
"EASTLAKE - EAST","FAMILY OFFENSE-NONVIOLENT",1,3,4,4
"EASTLAKE - EAST","MOTOR VEHICLE THEFT",136,1,2,2
"EASTLAKE - EAST","NARCOTIC",10,10,9,8
"EASTLAKE - EAST","RAPE",3,9,8,9
"EASTLAKE - EAST","ROBBERY-COMMERCIAL",3,5,5,5
"EASTLAKE - EAST","ROBBERY-STREET",6,7,7,9
"EASTLAKE - EAST","SEX OFFENSE-OTHER",3,8,6,6
"EASTLAKE - EAST","THEFT-ALL OTHER",72,3,2,3
"EASTLAKE - EAST","THEFT-BICYCLE",34,2,4,2
"EASTLAKE - EAST","THEFT-BUILDING",15,5,4,5
"EASTLAKE - EAST","TRESPASS",29,4,2,5
"EASTLAKE - EAST","WEAPON",3,9,8,9
"EASTLAKE - WEST","",3,NA,NA,NA
"EASTLAKE - WEST","AGGRAVATED ASSAULT",48,7,7,8
"EASTLAKE - WEST","AGGRAVATED ASSAULT-DV",24,5,5,6
"EASTLAKE - WEST","ARSON",4,8,8,10
"EASTLAKE - WEST","BURGLARY-COMMERCIAL",244,1,1,3
"EASTLAKE - WEST","BURGLARY-COMMERCIAL-SECURE PARKING",21,1,1,3
"EASTLAKE - WEST","BURGLARY-RESIDENTIAL",319,8,7,4
"EASTLAKE - WEST","BURGLARY-RESIDENTIAL-SECURE PARKING",219,8,7,4
"EASTLAKE - WEST","CAR PROWL",1382,5,5,5
"EASTLAKE - WEST","DUI",44,6,7,5
"EASTLAKE - WEST","FAMILY OFFENSE-NONVIOLENT",13,3,4,4
"EASTLAKE - WEST","HOMICIDE",1,10,10,10
"EASTLAKE - WEST","LIQUOR LAW VIOLATION",1,1,2,2
"EASTLAKE - WEST","MOTOR VEHICLE THEFT",535,1,2,2
"EASTLAKE - WEST","NARCOTIC",18,10,9,8
"EASTLAKE - WEST","PORNOGRAPHY",3,0,0,0
"EASTLAKE - WEST","PROSTITUTION",2,8,7,7
"EASTLAKE - WEST","RAPE",6,9,8,9
"EASTLAKE - WEST","ROBBERY-COMMERCIAL",10,5,5,5
"EASTLAKE - WEST","ROBBERY-RESIDENTIAL",7,8,7,9
"EASTLAKE - WEST","ROBBERY-STREET",14,7,7,9
"EASTLAKE - WEST","SEX OFFENSE-OTHER",23,8,6,6
"EASTLAKE - WEST","THEFT-ALL OTHER",227,3,2,3
"EASTLAKE - WEST","THEFT-BICYCLE",150,2,4,2
"EASTLAKE - WEST","THEFT-BUILDING",83,5,4,5
"EASTLAKE - WEST","THEFT-SHOPLIFT",14,1,2,1
"EASTLAKE - WEST","TRESPASS",43,4,2,5
"EASTLAKE - WEST","WEAPON",7,9,8,9
"FAUNTLEROY SW","",1,NA,NA,NA
"FAUNTLEROY SW","AGGRAVATED ASSAULT",31,7,7,8
"FAUNTLEROY SW","AGGRAVATED ASSAULT-DV",31,5,5,6
"FAUNTLEROY SW","ARSON",5,8,8,10
"FAUNTLEROY SW","BURGLARY-COMMERCIAL",61,1,1,3
"FAUNTLEROY SW","BURGLARY-RESIDENTIAL",402,8,7,4
"FAUNTLEROY SW","BURGLARY-RESIDENTIAL-SECURE PARKING",2,8,7,4
"FAUNTLEROY SW","CAR PROWL",1042,5,5,5
"FAUNTLEROY SW","DUI",53,6,7,5
"FAUNTLEROY SW","FAMILY OFFENSE-NONVIOLENT",17,3,4,4
"FAUNTLEROY SW","HOMICIDE",1,10,10,10
"FAUNTLEROY SW","LIQUOR LAW VIOLATION",10,1,2,2
"FAUNTLEROY SW","MOTOR VEHICLE THEFT",246,1,2,2
"FAUNTLEROY SW","NARCOTIC",25,10,9,8
"FAUNTLEROY SW","PORNOGRAPHY",3,0,0,0
"FAUNTLEROY SW","RAPE",5,9,8,9
"FAUNTLEROY SW","ROBBERY-COMMERCIAL",4,5,5,5
"FAUNTLEROY SW","ROBBERY-RESIDENTIAL",7,8,7,9
"FAUNTLEROY SW","ROBBERY-STREET",17,7,7,9
"FAUNTLEROY SW","SEX OFFENSE-OTHER",24,8,6,6
"FAUNTLEROY SW","THEFT-ALL OTHER",274,3,2,3
"FAUNTLEROY SW","THEFT-BICYCLE",21,2,4,2
"FAUNTLEROY SW","THEFT-BUILDING",37,5,4,5
"FAUNTLEROY SW","THEFT-SHOPLIFT",15,1,2,1
"FAUNTLEROY SW","TRESPASS",26,4,2,5
"FAUNTLEROY SW","WEAPON",15,9,8,9
"FIRST HILL","",14,NA,NA,NA
"FIRST HILL","AGGRAVATED ASSAULT",611,7,7,8
"FIRST HILL","AGGRAVATED ASSAULT-DV",234,5,5,6
"FIRST HILL","ARSON",27,8,8,10
"FIRST HILL","BURGLARY-COMMERCIAL",488,1,1,3
"FIRST HILL","BURGLARY-COMMERCIAL-SECURE PARKING",76,1,1,3
"FIRST HILL","BURGLARY-RESIDENTIAL",779,8,7,4
"FIRST HILL","BURGLARY-RESIDENTIAL-SECURE PARKING",459,8,7,4
"FIRST HILL","CAR PROWL",3876,5,5,5
"FIRST HILL","DISORDERLY CONDUCT",2,3,4,4
"FIRST HILL","DUI",332,6,7,5
"FIRST HILL","FAMILY OFFENSE-NONVIOLENT",420,3,4,4
"FIRST HILL","HOMICIDE",8,10,10,10
"FIRST HILL","LIQUOR LAW VIOLATION",45,1,2,2
"FIRST HILL","LOITERING",1,0,0,0
"FIRST HILL","MOTOR VEHICLE THEFT",827,1,2,2
"FIRST HILL","NARCOTIC",523,10,9,8
"FIRST HILL","PORNOGRAPHY",3,0,0,0
"FIRST HILL","PROSTITUTION",10,8,7,7
"FIRST HILL","RAPE",120,9,8,9
"FIRST HILL","ROBBERY-COMMERCIAL",65,5,5,5
"FIRST HILL","ROBBERY-RESIDENTIAL",44,8,7,9
"FIRST HILL","ROBBERY-STREET",351,7,7,9
"FIRST HILL","SEX OFFENSE-OTHER",296,8,6,6
"FIRST HILL","THEFT-ALL OTHER",1459,3,2,3
"FIRST HILL","THEFT-BICYCLE",428,2,4,2
"FIRST HILL","THEFT-BUILDING",1051,5,4,5
"FIRST HILL","THEFT-SHOPLIFT",433,1,2,1
"FIRST HILL","TRESPASS",865,4,2,5
"FIRST HILL","WEAPON",144,9,8,9
"FREMONT","",5,NA,NA,NA
"FREMONT","AGGRAVATED ASSAULT",207,7,7,8
"FREMONT","AGGRAVATED ASSAULT-DV",93,5,5,6
"FREMONT","ARSON",17,8,8,10
"FREMONT","BURGLARY-COMMERCIAL",755,1,1,3
"FREMONT","BURGLARY-COMMERCIAL-SECURE PARKING",36,1,1,3
"FREMONT","BURGLARY-RESIDENTIAL",921,8,7,4
"FREMONT","BURGLARY-RESIDENTIAL-SECURE PARKING",336,8,7,4
"FREMONT","CAR PROWL",3296,5,5,5
"FREMONT","DISORDERLY CONDUCT",6,3,4,4
"FREMONT","DUI",392,6,7,5
"FREMONT","FAMILY OFFENSE-NONVIOLENT",66,3,4,4
"FREMONT","HOMICIDE",2,10,10,10
"FREMONT","LIQUOR LAW VIOLATION",14,1,2,2
"FREMONT","LOITERING",1,0,0,0
"FREMONT","MOTOR VEHICLE THEFT",1219,1,2,2
"FREMONT","NARCOTIC",157,10,9,8
"FREMONT","PROSTITUTION",23,8,7,7
"FREMONT","RAPE",27,9,8,9
"FREMONT","ROBBERY-COMMERCIAL",44,5,5,5
"FREMONT","ROBBERY-RESIDENTIAL",20,8,7,9
"FREMONT","ROBBERY-STREET",79,7,7,9
"FREMONT","SEX OFFENSE-OTHER",70,8,6,6
"FREMONT","THEFT-ALL OTHER",1089,3,2,3
"FREMONT","THEFT-BICYCLE",425,2,4,2
"FREMONT","THEFT-BUILDING",299,5,4,5
"FREMONT","THEFT-SHOPLIFT",333,1,2,1
"FREMONT","TRESPASS",251,4,2,5
"FREMONT","WEAPON",59,9,8,9
"GENESEE","",1,NA,NA,NA
"GENESEE","AGGRAVATED ASSAULT",62,7,7,8
"GENESEE","AGGRAVATED ASSAULT-DV",33,5,5,6
"GENESEE","ARSON",5,8,8,10
"GENESEE","BURGLARY-COMMERCIAL",42,1,1,3
"GENESEE","BURGLARY-COMMERCIAL-SECURE PARKING",2,1,1,3
"GENESEE","BURGLARY-RESIDENTIAL",190,8,7,4
"GENESEE","BURGLARY-RESIDENTIAL-SECURE PARKING",2,8,7,4
"GENESEE","CAR PROWL",458,5,5,5
"GENESEE","DUI",35,6,7,5
"GENESEE","FAMILY OFFENSE-NONVIOLENT",32,3,4,4
"GENESEE","HOMICIDE",2,10,10,10
"GENESEE","LIQUOR LAW VIOLATION",2,1,2,2
"GENESEE","MOTOR VEHICLE THEFT",124,1,2,2
"GENESEE","NARCOTIC",36,10,9,8
"GENESEE","PROSTITUTION",10,8,7,7
"GENESEE","RAPE",1,9,8,9
"GENESEE","ROBBERY-COMMERCIAL",13,5,5,5
"GENESEE","ROBBERY-RESIDENTIAL",2,8,7,9
"GENESEE","ROBBERY-STREET",60,7,7,9
"GENESEE","SEX OFFENSE-OTHER",14,8,6,6
"GENESEE","THEFT-ALL OTHER",171,3,2,3
"GENESEE","THEFT-BICYCLE",9,2,4,2
"GENESEE","THEFT-BUILDING",57,5,4,5
"GENESEE","THEFT-SHOPLIFT",129,1,2,1
"GENESEE","TRESPASS",35,4,2,5
"GENESEE","WEAPON",25,9,8,9
"GEORGETOWN","",2,NA,NA,NA
"GEORGETOWN","AGGRAVATED ASSAULT",211,7,7,8
"GEORGETOWN","AGGRAVATED ASSAULT-DV",95,5,5,6
"GEORGETOWN","ARSON",23,8,8,10
"GEORGETOWN","BURGLARY-COMMERCIAL",864,1,1,3
"GEORGETOWN","BURGLARY-COMMERCIAL-SECURE PARKING",10,1,1,3
"GEORGETOWN","BURGLARY-RESIDENTIAL",192,8,7,4
"GEORGETOWN","CAR PROWL",1365,5,5,5
"GEORGETOWN","DISORDERLY CONDUCT",1,3,4,4
"GEORGETOWN","DUI",322,6,7,5
"GEORGETOWN","FAMILY OFFENSE-NONVIOLENT",48,3,4,4
"GEORGETOWN","HOMICIDE",5,10,10,10
"GEORGETOWN","LIQUOR LAW VIOLATION",12,1,2,2
"GEORGETOWN","LOITERING",1,0,0,0
"GEORGETOWN","MOTOR VEHICLE THEFT",647,1,2,2
"GEORGETOWN","NARCOTIC",214,10,9,8
"GEORGETOWN","PROSTITUTION",75,8,7,7
"GEORGETOWN","RAPE",23,9,8,9
"GEORGETOWN","ROBBERY-COMMERCIAL",52,5,5,5
"GEORGETOWN","ROBBERY-RESIDENTIAL",18,8,7,9
"GEORGETOWN","ROBBERY-STREET",94,7,7,9
"GEORGETOWN","SEX OFFENSE-OTHER",60,8,6,6
"GEORGETOWN","THEFT-ALL OTHER",825,3,2,3
"GEORGETOWN","THEFT-BICYCLE",60,2,4,2
"GEORGETOWN","THEFT-BUILDING",226,5,4,5
"GEORGETOWN","THEFT-SHOPLIFT",313,1,2,1
"GEORGETOWN","TRESPASS",182,4,2,5
"GEORGETOWN","WEAPON",63,9,8,9
"GREENWOOD","",6,NA,NA,NA
"GREENWOOD","AGGRAVATED ASSAULT",298,7,7,8
"GREENWOOD","AGGRAVATED ASSAULT-DV",181,5,5,6
"GREENWOOD","ARSON",39,8,8,10
"GREENWOOD","BURGLARY-COMMERCIAL",584,1,1,3
"GREENWOOD","BURGLARY-COMMERCIAL-SECURE PARKING",18,1,1,3
"GREENWOOD","BURGLARY-RESIDENTIAL",1087,8,7,4
"GREENWOOD","BURGLARY-RESIDENTIAL-SECURE PARKING",222,8,7,4
"GREENWOOD","CAR PROWL",3055,5,5,5
"GREENWOOD","DISORDERLY CONDUCT",1,3,4,4
"GREENWOOD","DUI",331,6,7,5
"GREENWOOD","FAMILY OFFENSE-NONVIOLENT",158,3,4,4
"GREENWOOD","HOMICIDE",4,10,10,10
"GREENWOOD","LIQUOR LAW VIOLATION",28,1,2,2
"GREENWOOD","MOTOR VEHICLE THEFT",1265,1,2,2
"GREENWOOD","NARCOTIC",250,10,9,8
"GREENWOOD","PORNOGRAPHY",4,0,0,0
"GREENWOOD","PROSTITUTION",70,8,7,7
"GREENWOOD","RAPE",57,9,8,9
"GREENWOOD","ROBBERY-COMMERCIAL",115,5,5,5
"GREENWOOD","ROBBERY-RESIDENTIAL",27,8,7,9
"GREENWOOD","ROBBERY-STREET",171,7,7,9
"GREENWOOD","SEX OFFENSE-OTHER",107,8,6,6
"GREENWOOD","THEFT-ALL OTHER",1298,3,2,3
"GREENWOOD","THEFT-BICYCLE",283,2,4,2
"GREENWOOD","THEFT-BUILDING",323,5,4,5
"GREENWOOD","THEFT-SHOPLIFT",910,1,2,1
"GREENWOOD","TRESPASS",428,4,2,5
"GREENWOOD","WEAPON",85,9,8,9
"HIGH POINT","",1,NA,NA,NA
"HIGH POINT","AGGRAVATED ASSAULT",160,7,7,8
"HIGH POINT","AGGRAVATED ASSAULT-DV",144,5,5,6
"HIGH POINT","ARSON",14,8,8,10
"HIGH POINT","BURGLARY-COMMERCIAL",79,1,1,3
"HIGH POINT","BURGLARY-COMMERCIAL-SECURE PARKING",3,1,1,3
"HIGH POINT","BURGLARY-RESIDENTIAL",438,8,7,4
"HIGH POINT","BURGLARY-RESIDENTIAL-SECURE PARKING",7,8,7,4
"HIGH POINT","CAR PROWL",620,5,5,5
"HIGH POINT","DUI",76,6,7,5
"HIGH POINT","FAMILY OFFENSE-NONVIOLENT",167,3,4,4
"HIGH POINT","HOMICIDE",2,10,10,10
"HIGH POINT","LIQUOR LAW VIOLATION",6,1,2,2
"HIGH POINT","MOTOR VEHICLE THEFT",434,1,2,2
"HIGH POINT","NARCOTIC",44,10,9,8
"HIGH POINT","PORNOGRAPHY",2,0,0,0
"HIGH POINT","PROSTITUTION",2,8,7,7
"HIGH POINT","RAPE",23,9,8,9
"HIGH POINT","ROBBERY-COMMERCIAL",34,5,5,5
"HIGH POINT","ROBBERY-RESIDENTIAL",18,8,7,9
"HIGH POINT","ROBBERY-STREET",73,7,7,9
"HIGH POINT","SEX OFFENSE-OTHER",77,8,6,6
"HIGH POINT","THEFT-ALL OTHER",469,3,2,3
"HIGH POINT","THEFT-BICYCLE",49,2,4,2
"HIGH POINT","THEFT-BUILDING",122,5,4,5
"HIGH POINT","THEFT-SHOPLIFT",244,1,2,1
"HIGH POINT","TRESPASS",90,4,2,5
"HIGH POINT","WEAPON",47,9,8,9
"HIGHLAND PARK","",2,NA,NA,NA
"HIGHLAND PARK","AGGRAVATED ASSAULT",131,7,7,8
"HIGHLAND PARK","AGGRAVATED ASSAULT-DV",181,5,5,6
"HIGHLAND PARK","ARSON",16,8,8,10
"HIGHLAND PARK","BURGLARY-COMMERCIAL",145,1,1,3
"HIGHLAND PARK","BURGLARY-COMMERCIAL-SECURE PARKING",2,1,1,3
"HIGHLAND PARK","BURGLARY-RESIDENTIAL",993,8,7,4
"HIGHLAND PARK","BURGLARY-RESIDENTIAL-SECURE PARKING",12,8,7,4
"HIGHLAND PARK","CAR PROWL",1509,5,5,5
"HIGHLAND PARK","DISORDERLY CONDUCT",1,3,4,4
"HIGHLAND PARK","DUI",169,6,7,5
"HIGHLAND PARK","FAMILY OFFENSE-NONVIOLENT",129,3,4,4
"HIGHLAND PARK","HOMICIDE",5,10,10,10
"HIGHLAND PARK","LIQUOR LAW VIOLATION",5,1,2,2
"HIGHLAND PARK","MOTOR VEHICLE THEFT",893,1,2,2
"HIGHLAND PARK","NARCOTIC",79,10,9,8
"HIGHLAND PARK","PORNOGRAPHY",1,0,0,0
"HIGHLAND PARK","PROSTITUTION",7,8,7,7
"HIGHLAND PARK","RAPE",20,9,8,9
"HIGHLAND PARK","ROBBERY-COMMERCIAL",24,5,5,5
"HIGHLAND PARK","ROBBERY-RESIDENTIAL",28,8,7,9
"HIGHLAND PARK","ROBBERY-STREET",98,7,7,9
"HIGHLAND PARK","SEX OFFENSE-OTHER",80,8,6,6
"HIGHLAND PARK","THEFT-ALL OTHER",700,3,2,3
"HIGHLAND PARK","THEFT-BICYCLE",58,2,4,2
"HIGHLAND PARK","THEFT-BUILDING",110,5,4,5
"HIGHLAND PARK","THEFT-SHOPLIFT",75,1,2,1
"HIGHLAND PARK","TRESPASS",98,4,2,5
"HIGHLAND PARK","WEAPON",62,9,8,9
"HILLMAN CITY","",1,NA,NA,NA
"HILLMAN CITY","AGGRAVATED ASSAULT",104,7,7,8
"HILLMAN CITY","AGGRAVATED ASSAULT-DV",75,5,5,6
"HILLMAN CITY","ARSON",4,8,8,10
"HILLMAN CITY","BURGLARY-COMMERCIAL",105,1,1,3
"HILLMAN CITY","BURGLARY-RESIDENTIAL",475,8,7,4
"HILLMAN CITY","CAR PROWL",489,5,5,5
"HILLMAN CITY","DISORDERLY CONDUCT",3,3,4,4
"HILLMAN CITY","DUI",50,6,7,5
"HILLMAN CITY","FAMILY OFFENSE-NONVIOLENT",71,3,4,4
"HILLMAN CITY","GAMBLE",1,3,3,3
"HILLMAN CITY","HOMICIDE",3,10,10,10
"HILLMAN CITY","LIQUOR LAW VIOLATION",10,1,2,2
"HILLMAN CITY","MOTOR VEHICLE THEFT",327,1,2,2
"HILLMAN CITY","NARCOTIC",53,10,9,8
"HILLMAN CITY","PROSTITUTION",7,8,7,7
"HILLMAN CITY","RAPE",12,9,8,9
"HILLMAN CITY","ROBBERY-COMMERCIAL",49,5,5,5
"HILLMAN CITY","ROBBERY-RESIDENTIAL",15,8,7,9
"HILLMAN CITY","ROBBERY-STREET",120,7,7,9
"HILLMAN CITY","SEX OFFENSE-OTHER",37,8,6,6
"HILLMAN CITY","THEFT-ALL OTHER",231,3,2,3
"HILLMAN CITY","THEFT-BICYCLE",24,2,4,2
"HILLMAN CITY","THEFT-BUILDING",79,5,4,5
"HILLMAN CITY","THEFT-SHOPLIFT",176,1,2,1
"HILLMAN CITY","TRESPASS",66,4,2,5
"HILLMAN CITY","WEAPON",45,9,8,9
"JUDKINS PARK/NORTH BEACON HILL","",2,NA,NA,NA
"JUDKINS PARK/NORTH BEACON HILL","AGGRAVATED ASSAULT",186,7,7,8
"JUDKINS PARK/NORTH BEACON HILL","AGGRAVATED ASSAULT-DV",57,5,5,6
"JUDKINS PARK/NORTH BEACON HILL","ARSON",14,8,8,10
"JUDKINS PARK/NORTH BEACON HILL","BURGLARY-COMMERCIAL",258,1,1,3
"JUDKINS PARK/NORTH BEACON HILL","BURGLARY-COMMERCIAL-SECURE PARKING",8,1,1,3
"JUDKINS PARK/NORTH BEACON HILL","BURGLARY-RESIDENTIAL",298,8,7,4
"JUDKINS PARK/NORTH BEACON HILL","BURGLARY-RESIDENTIAL-SECURE PARKING",105,8,7,4
"JUDKINS PARK/NORTH BEACON HILL","CAR PROWL",1165,5,5,5
"JUDKINS PARK/NORTH BEACON HILL","DISORDERLY CONDUCT",2,3,4,4
"JUDKINS PARK/NORTH BEACON HILL","DUI",108,6,7,5
"JUDKINS PARK/NORTH BEACON HILL","FAMILY OFFENSE-NONVIOLENT",72,3,4,4
"JUDKINS PARK/NORTH BEACON HILL","GAMBLE",1,3,3,3
"JUDKINS PARK/NORTH BEACON HILL","HOMICIDE",4,10,10,10
"JUDKINS PARK/NORTH BEACON HILL","LIQUOR LAW VIOLATION",7,1,2,2
"JUDKINS PARK/NORTH BEACON HILL","MOTOR VEHICLE THEFT",297,1,2,2
"JUDKINS PARK/NORTH BEACON HILL","NARCOTIC",176,10,9,8
"JUDKINS PARK/NORTH BEACON HILL","PORNOGRAPHY",6,0,0,0
"JUDKINS PARK/NORTH BEACON HILL","PROSTITUTION",49,8,7,7
"JUDKINS PARK/NORTH BEACON HILL","RAPE",15,9,8,9
"JUDKINS PARK/NORTH BEACON HILL","ROBBERY-COMMERCIAL",23,5,5,5
"JUDKINS PARK/NORTH BEACON HILL","ROBBERY-RESIDENTIAL",6,8,7,9
"JUDKINS PARK/NORTH BEACON HILL","ROBBERY-STREET",144,7,7,9
"JUDKINS PARK/NORTH BEACON HILL","SEX OFFENSE-OTHER",70,8,6,6
"JUDKINS PARK/NORTH BEACON HILL","THEFT-ALL OTHER",481,3,2,3
"JUDKINS PARK/NORTH BEACON HILL","THEFT-BICYCLE",63,2,4,2
"JUDKINS PARK/NORTH BEACON HILL","THEFT-BUILDING",193,5,4,5
"JUDKINS PARK/NORTH BEACON HILL","THEFT-SHOPLIFT",101,1,2,1
"JUDKINS PARK/NORTH BEACON HILL","TRESPASS",176,4,2,5
"JUDKINS PARK/NORTH BEACON HILL","WEAPON",53,9,8,9
"LAKECITY","",10,NA,NA,NA
"LAKECITY","AGGRAVATED ASSAULT",392,7,7,8
"LAKECITY","AGGRAVATED ASSAULT-DV",284,5,5,6
"LAKECITY","ARSON",38,8,8,10
"LAKECITY","BURGLARY-COMMERCIAL",771,1,1,3
"LAKECITY","BURGLARY-COMMERCIAL-SECURE PARKING",6,1,1,3
"LAKECITY","BURGLARY-RESIDENTIAL",1762,8,7,4
"LAKECITY","BURGLARY-RESIDENTIAL-SECURE PARKING",228,8,7,4
"LAKECITY","CAR PROWL",2783,5,5,5
"LAKECITY","DISORDERLY CONDUCT",3,3,4,4
"LAKECITY","DUI",311,6,7,5
"LAKECITY","FAMILY OFFENSE-NONVIOLENT",253,3,4,4
"LAKECITY","HOMICIDE",2,10,10,10
"LAKECITY","LIQUOR LAW VIOLATION",51,1,2,2
"LAKECITY","LOITERING",1,0,0,0
"LAKECITY","MOTOR VEHICLE THEFT",1145,1,2,2
"LAKECITY","NARCOTIC",282,10,9,8
"LAKECITY","PORNOGRAPHY",3,0,0,0
"LAKECITY","PROSTITUTION",28,8,7,7
"LAKECITY","RAPE",53,9,8,9
"LAKECITY","ROBBERY-COMMERCIAL",137,5,5,5
"LAKECITY","ROBBERY-RESIDENTIAL",34,8,7,9
"LAKECITY","ROBBERY-STREET",253,7,7,9
"LAKECITY","SEX OFFENSE-OTHER",216,8,6,6
"LAKECITY","THEFT-ALL OTHER",1666,3,2,3
"LAKECITY","THEFT-BICYCLE",213,2,4,2
"LAKECITY","THEFT-BUILDING",531,5,4,5
"LAKECITY","THEFT-SHOPLIFT",1377,1,2,1
"LAKECITY","TRESPASS",604,4,2,5
"LAKECITY","WEAPON",126,9,8,9
"LAKEWOOD/SEWARD PARK","",1,NA,NA,NA
"LAKEWOOD/SEWARD PARK","AGGRAVATED ASSAULT",37,7,7,8
"LAKEWOOD/SEWARD PARK","AGGRAVATED ASSAULT-DV",29,5,5,6
"LAKEWOOD/SEWARD PARK","ARSON",7,8,8,10
"LAKEWOOD/SEWARD PARK","BURGLARY-COMMERCIAL",53,1,1,3
"LAKEWOOD/SEWARD PARK","BURGLARY-RESIDENTIAL",705,8,7,4
"LAKEWOOD/SEWARD PARK","BURGLARY-RESIDENTIAL-SECURE PARKING",4,8,7,4
"LAKEWOOD/SEWARD PARK","CAR PROWL",1639,5,5,5
"LAKEWOOD/SEWARD PARK","DUI",57,6,7,5
"LAKEWOOD/SEWARD PARK","FAMILY OFFENSE-NONVIOLENT",41,3,4,4
"LAKEWOOD/SEWARD PARK","HOMICIDE",1,10,10,10
"LAKEWOOD/SEWARD PARK","LIQUOR LAW VIOLATION",3,1,2,2
"LAKEWOOD/SEWARD PARK","MOTOR VEHICLE THEFT",282,1,2,2
"LAKEWOOD/SEWARD PARK","NARCOTIC",33,10,9,8
"LAKEWOOD/SEWARD PARK","PROSTITUTION",1,8,7,7
"LAKEWOOD/SEWARD PARK","RAPE",14,9,8,9
"LAKEWOOD/SEWARD PARK","ROBBERY-COMMERCIAL",7,5,5,5
"LAKEWOOD/SEWARD PARK","ROBBERY-RESIDENTIAL",8,8,7,9
"LAKEWOOD/SEWARD PARK","ROBBERY-STREET",32,7,7,9
"LAKEWOOD/SEWARD PARK","SEX OFFENSE-OTHER",19,8,6,6
"LAKEWOOD/SEWARD PARK","THEFT-ALL OTHER",277,3,2,3
"LAKEWOOD/SEWARD PARK","THEFT-BICYCLE",30,2,4,2
"LAKEWOOD/SEWARD PARK","THEFT-BUILDING",52,5,4,5
"LAKEWOOD/SEWARD PARK","THEFT-SHOPLIFT",1,1,2,1
"LAKEWOOD/SEWARD PARK","TRESPASS",31,4,2,5
"LAKEWOOD/SEWARD PARK","WEAPON",32,9,8,9
"MADISON PARK","AGGRAVATED ASSAULT",9,7,7,8
"MADISON PARK","AGGRAVATED ASSAULT-DV",14,5,5,6
"MADISON PARK","ARSON",1,8,8,10
"MADISON PARK","BURGLARY-COMMERCIAL",96,1,1,3
"MADISON PARK","BURGLARY-RESIDENTIAL",275,8,7,4
"MADISON PARK","BURGLARY-RESIDENTIAL-SECURE PARKING",16,8,7,4
"MADISON PARK","CAR PROWL",779,5,5,5
"MADISON PARK","DUI",56,6,7,5
"MADISON PARK","FAMILY OFFENSE-NONVIOLENT",9,3,4,4
"MADISON PARK","LIQUOR LAW VIOLATION",6,1,2,2
"MADISON PARK","MOTOR VEHICLE THEFT",136,1,2,2
"MADISON PARK","NARCOTIC",21,10,9,8
"MADISON PARK","RAPE",5,9,8,9
"MADISON PARK","ROBBERY-COMMERCIAL",5,5,5,5
"MADISON PARK","ROBBERY-RESIDENTIAL",3,8,7,9
"MADISON PARK","ROBBERY-STREET",8,7,7,9
"MADISON PARK","SEX OFFENSE-OTHER",17,8,6,6
"MADISON PARK","THEFT-ALL OTHER",198,3,2,3
"MADISON PARK","THEFT-BICYCLE",17,2,4,2
"MADISON PARK","THEFT-BUILDING",48,5,4,5
"MADISON PARK","THEFT-SHOPLIFT",20,1,2,1
"MADISON PARK","TRESPASS",42,4,2,5
"MADISON PARK","WEAPON",8,9,8,9
"MADRONA/LESCHI","",3,NA,NA,NA
"MADRONA/LESCHI","AGGRAVATED ASSAULT",189,7,7,8
"MADRONA/LESCHI","AGGRAVATED ASSAULT-DV",140,5,5,6
"MADRONA/LESCHI","ARSON",14,8,8,10
"MADRONA/LESCHI","BURGLARY-COMMERCIAL",207,1,1,3
"MADRONA/LESCHI","BURGLARY-COMMERCIAL-SECURE PARKING",3,1,1,3
"MADRONA/LESCHI","BURGLARY-RESIDENTIAL",1016,8,7,4
"MADRONA/LESCHI","BURGLARY-RESIDENTIAL-SECURE PARKING",26,8,7,4
"MADRONA/LESCHI","CAR PROWL",2169,5,5,5
"MADRONA/LESCHI","DISORDERLY CONDUCT",1,3,4,4
"MADRONA/LESCHI","DUI",103,6,7,5
"MADRONA/LESCHI","FAMILY OFFENSE-NONVIOLENT",157,3,4,4
"MADRONA/LESCHI","GAMBLE",1,3,3,3
"MADRONA/LESCHI","HOMICIDE",7,10,10,10
"MADRONA/LESCHI","LIQUOR LAW VIOLATION",19,1,2,2
"MADRONA/LESCHI","MOTOR VEHICLE THEFT",515,1,2,2
"MADRONA/LESCHI","NARCOTIC",189,10,9,8
"MADRONA/LESCHI","PORNOGRAPHY",3,0,0,0
"MADRONA/LESCHI","PROSTITUTION",7,8,7,7
"MADRONA/LESCHI","RAPE",28,9,8,9
"MADRONA/LESCHI","ROBBERY-COMMERCIAL",33,5,5,5
"MADRONA/LESCHI","ROBBERY-RESIDENTIAL",19,8,7,9
"MADRONA/LESCHI","ROBBERY-STREET",129,7,7,9
"MADRONA/LESCHI","SEX OFFENSE-OTHER",80,8,6,6
"MADRONA/LESCHI","THEFT-ALL OTHER",671,3,2,3
"MADRONA/LESCHI","THEFT-BICYCLE",82,2,4,2
"MADRONA/LESCHI","THEFT-BUILDING",208,5,4,5
"MADRONA/LESCHI","THEFT-SHOPLIFT",283,1,2,1
"MADRONA/LESCHI","TRESPASS",190,4,2,5
"MADRONA/LESCHI","WEAPON",76,9,8,9
"MAGNOLIA","",1,NA,NA,NA
"MAGNOLIA","AGGRAVATED ASSAULT",121,7,7,8
"MAGNOLIA","AGGRAVATED ASSAULT-DV",101,5,5,6
"MAGNOLIA","ARSON",31,8,8,10
"MAGNOLIA","BURGLARY-COMMERCIAL",411,1,1,3
"MAGNOLIA","BURGLARY-COMMERCIAL-SECURE PARKING",8,1,1,3
"MAGNOLIA","BURGLARY-RESIDENTIAL",1081,8,7,4
"MAGNOLIA","BURGLARY-RESIDENTIAL-SECURE PARKING",147,8,7,4
"MAGNOLIA","CAR PROWL",3131,5,5,5
"MAGNOLIA","DISORDERLY CONDUCT",2,3,4,4
"MAGNOLIA","DUI",184,6,7,5
"MAGNOLIA","FAMILY OFFENSE-NONVIOLENT",96,3,4,4
"MAGNOLIA","HOMICIDE",2,10,10,10
"MAGNOLIA","LIQUOR LAW VIOLATION",10,1,2,2
"MAGNOLIA","MOTOR VEHICLE THEFT",686,1,2,2
"MAGNOLIA","NARCOTIC",50,10,9,8
"MAGNOLIA","PORNOGRAPHY",4,0,0,0
"MAGNOLIA","PROSTITUTION",2,8,7,7
"MAGNOLIA","RAPE",16,9,8,9
"MAGNOLIA","ROBBERY-COMMERCIAL",54,5,5,5
"MAGNOLIA","ROBBERY-RESIDENTIAL",8,8,7,9
"MAGNOLIA","ROBBERY-STREET",38,7,7,9
"MAGNOLIA","SEX OFFENSE-OTHER",47,8,6,6
"MAGNOLIA","THEFT-ALL OTHER",834,3,2,3
"MAGNOLIA","THEFT-BICYCLE",175,2,4,2
"MAGNOLIA","THEFT-BUILDING",157,5,4,5
"MAGNOLIA","THEFT-SHOPLIFT",321,1,2,1
"MAGNOLIA","TRESPASS",129,4,2,5
"MAGNOLIA","WEAPON",29,9,8,9
"MID BEACON HILL","",2,NA,NA,NA
"MID BEACON HILL","AGGRAVATED ASSAULT",156,7,7,8
"MID BEACON HILL","AGGRAVATED ASSAULT-DV",203,5,5,6
"MID BEACON HILL","ARSON",16,8,8,10
"MID BEACON HILL","BURGLARY-COMMERCIAL",107,1,1,3
"MID BEACON HILL","BURGLARY-RESIDENTIAL",1534,8,7,4
"MID BEACON HILL","BURGLARY-RESIDENTIAL-SECURE PARKING",5,8,7,4
"MID BEACON HILL","CAR PROWL",1119,5,5,5
"MID BEACON HILL","DISORDERLY CONDUCT",2,3,4,4
"MID BEACON HILL","DUI",134,6,7,5
"MID BEACON HILL","FAMILY OFFENSE-NONVIOLENT",188,3,4,4
"MID BEACON HILL","GAMBLE",1,3,3,3
"MID BEACON HILL","HOMICIDE",1,10,10,10
"MID BEACON HILL","LIQUOR LAW VIOLATION",10,1,2,2
"MID BEACON HILL","MOTOR VEHICLE THEFT",912,1,2,2
"MID BEACON HILL","NARCOTIC",110,10,9,8
"MID BEACON HILL","PROSTITUTION",2,8,7,7
"MID BEACON HILL","RAPE",16,9,8,9
"MID BEACON HILL","ROBBERY-COMMERCIAL",13,5,5,5
"MID BEACON HILL","ROBBERY-RESIDENTIAL",30,8,7,9
"MID BEACON HILL","ROBBERY-STREET",269,7,7,9
"MID BEACON HILL","SEX OFFENSE-OTHER",83,8,6,6
"MID BEACON HILL","THEFT-ALL OTHER",574,3,2,3
"MID BEACON HILL","THEFT-BICYCLE",41,2,4,2
"MID BEACON HILL","THEFT-BUILDING",182,5,4,5
"MID BEACON HILL","THEFT-SHOPLIFT",19,1,2,1
"MID BEACON HILL","TRESPASS",72,4,2,5
"MID BEACON HILL","WEAPON",64,9,8,9
"MILLER PARK","",2,NA,NA,NA
"MILLER PARK","AGGRAVATED ASSAULT",45,7,7,8
"MILLER PARK","AGGRAVATED ASSAULT-DV",47,5,5,6
"MILLER PARK","ARSON",5,8,8,10
"MILLER PARK","BURGLARY-COMMERCIAL",142,1,1,3
"MILLER PARK","BURGLARY-COMMERCIAL-SECURE PARKING",5,1,1,3
"MILLER PARK","BURGLARY-RESIDENTIAL",504,8,7,4
"MILLER PARK","BURGLARY-RESIDENTIAL-SECURE PARKING",49,8,7,4
"MILLER PARK","CAR PROWL",1025,5,5,5
"MILLER PARK","DISORDERLY CONDUCT",1,3,4,4
"MILLER PARK","DUI",81,6,7,5
"MILLER PARK","FAMILY OFFENSE-NONVIOLENT",45,3,4,4
"MILLER PARK","LIQUOR LAW VIOLATION",6,1,2,2
"MILLER PARK","LOITERING",1,0,0,0
"MILLER PARK","MOTOR VEHICLE THEFT",431,1,2,2
"MILLER PARK","NARCOTIC",32,10,9,8
"MILLER PARK","PROSTITUTION",2,8,7,7
"MILLER PARK","RAPE",12,9,8,9
"MILLER PARK","ROBBERY-COMMERCIAL",10,5,5,5
"MILLER PARK","ROBBERY-RESIDENTIAL",6,8,7,9
"MILLER PARK","ROBBERY-STREET",67,7,7,9
"MILLER PARK","SEX OFFENSE-OTHER",49,8,6,6
"MILLER PARK","THEFT-ALL OTHER",371,3,2,3
"MILLER PARK","THEFT-BICYCLE",94,2,4,2
"MILLER PARK","THEFT-BUILDING",137,5,4,5
"MILLER PARK","THEFT-SHOPLIFT",151,1,2,1
"MILLER PARK","TRESPASS",100,4,2,5
"MILLER PARK","WEAPON",13,9,8,9
"MONTLAKE/PORTAGE BAY","",1,NA,NA,NA
"MONTLAKE/PORTAGE BAY","AGGRAVATED ASSAULT",33,7,7,8
"MONTLAKE/PORTAGE BAY","AGGRAVATED ASSAULT-DV",13,5,5,6
"MONTLAKE/PORTAGE BAY","ARSON",5,8,8,10
"MONTLAKE/PORTAGE BAY","BURGLARY-COMMERCIAL",159,1,1,3
"MONTLAKE/PORTAGE BAY","BURGLARY-COMMERCIAL-SECURE PARKING",5,1,1,3
"MONTLAKE/PORTAGE BAY","BURGLARY-RESIDENTIAL",512,8,7,4
"MONTLAKE/PORTAGE BAY","BURGLARY-RESIDENTIAL-SECURE PARKING",59,8,7,4
"MONTLAKE/PORTAGE BAY","CAR PROWL",1795,5,5,5
"MONTLAKE/PORTAGE BAY","DUI",115,6,7,5
"MONTLAKE/PORTAGE BAY","FAMILY OFFENSE-NONVIOLENT",24,3,4,4
"MONTLAKE/PORTAGE BAY","HOMICIDE",1,10,10,10
"MONTLAKE/PORTAGE BAY","LIQUOR LAW VIOLATION",6,1,2,2
"MONTLAKE/PORTAGE BAY","MOTOR VEHICLE THEFT",334,1,2,2
"MONTLAKE/PORTAGE BAY","NARCOTIC",22,10,9,8
"MONTLAKE/PORTAGE BAY","RAPE",5,9,8,9
"MONTLAKE/PORTAGE BAY","ROBBERY-COMMERCIAL",6,5,5,5
"MONTLAKE/PORTAGE BAY","ROBBERY-RESIDENTIAL",6,8,7,9
"MONTLAKE/PORTAGE BAY","ROBBERY-STREET",18,7,7,9
"MONTLAKE/PORTAGE BAY","SEX OFFENSE-OTHER",28,8,6,6
"MONTLAKE/PORTAGE BAY","THEFT-ALL OTHER",295,3,2,3
"MONTLAKE/PORTAGE BAY","THEFT-BICYCLE",136,2,4,2
"MONTLAKE/PORTAGE BAY","THEFT-BUILDING",50,5,4,5
"MONTLAKE/PORTAGE BAY","THEFT-SHOPLIFT",24,1,2,1
"MONTLAKE/PORTAGE BAY","TRESPASS",56,4,2,5
"MONTLAKE/PORTAGE BAY","WEAPON",11,9,8,9
"MORGAN","",1,NA,NA,NA
"MORGAN","AGGRAVATED ASSAULT",56,7,7,8
"MORGAN","AGGRAVATED ASSAULT-DV",70,5,5,6
"MORGAN","ARSON",8,8,8,10
"MORGAN","BURGLARY-COMMERCIAL",152,1,1,3
"MORGAN","BURGLARY-COMMERCIAL-SECURE PARKING",4,1,1,3
"MORGAN","BURGLARY-RESIDENTIAL",692,8,7,4
"MORGAN","BURGLARY-RESIDENTIAL-SECURE PARKING",32,8,7,4
"MORGAN","CAR PROWL",1538,5,5,5
"MORGAN","DISORDERLY CONDUCT",1,3,4,4
"MORGAN","DUI",112,6,7,5
"MORGAN","FAMILY OFFENSE-NONVIOLENT",75,3,4,4
"MORGAN","HOMICIDE",4,10,10,10
"MORGAN","LIQUOR LAW VIOLATION",6,1,2,2
"MORGAN","MOTOR VEHICLE THEFT",578,1,2,2
"MORGAN","NARCOTIC",40,10,9,8
"MORGAN","PORNOGRAPHY",2,0,0,0
"MORGAN","PROSTITUTION",1,8,7,7
"MORGAN","RAPE",8,9,8,9
"MORGAN","ROBBERY-COMMERCIAL",24,5,5,5
"MORGAN","ROBBERY-RESIDENTIAL",7,8,7,9
"MORGAN","ROBBERY-STREET",41,7,7,9
"MORGAN","SEX OFFENSE-OTHER",54,8,6,6
"MORGAN","THEFT-ALL OTHER",523,3,2,3
"MORGAN","THEFT-BICYCLE",75,2,4,2
"MORGAN","THEFT-BUILDING",102,5,4,5
"MORGAN","THEFT-SHOPLIFT",186,1,2,1
"MORGAN","TRESPASS",65,4,2,5
"MORGAN","WEAPON",14,9,8,9
"MOUNT BAKER","",6,NA,NA,NA
"MOUNT BAKER","AGGRAVATED ASSAULT",233,7,7,8
"MOUNT BAKER","AGGRAVATED ASSAULT-DV",117,5,5,6
"MOUNT BAKER","ARSON",18,8,8,10
"MOUNT BAKER","BURGLARY-COMMERCIAL",248,1,1,3
"MOUNT BAKER","BURGLARY-COMMERCIAL-SECURE PARKING",6,1,1,3
"MOUNT BAKER","BURGLARY-RESIDENTIAL",819,8,7,4
"MOUNT BAKER","BURGLARY-RESIDENTIAL-SECURE PARKING",13,8,7,4
"MOUNT BAKER","CAR PROWL",2093,5,5,5
"MOUNT BAKER","DISORDERLY CONDUCT",10,3,4,4
"MOUNT BAKER","DUI",151,6,7,5
"MOUNT BAKER","FAMILY OFFENSE-NONVIOLENT",128,3,4,4
"MOUNT BAKER","HOMICIDE",3,10,10,10
"MOUNT BAKER","LIQUOR LAW VIOLATION",34,1,2,2
"MOUNT BAKER","LOITERING",1,0,0,0
"MOUNT BAKER","MOTOR VEHICLE THEFT",562,1,2,2
"MOUNT BAKER","NARCOTIC",165,10,9,8
"MOUNT BAKER","PORNOGRAPHY",1,0,0,0
"MOUNT BAKER","PROSTITUTION",5,8,7,7
"MOUNT BAKER","RAPE",27,9,8,9
"MOUNT BAKER","ROBBERY-COMMERCIAL",84,5,5,5
"MOUNT BAKER","ROBBERY-RESIDENTIAL",18,8,7,9
"MOUNT BAKER","ROBBERY-STREET",187,7,7,9
"MOUNT BAKER","SEX OFFENSE-OTHER",70,8,6,6
"MOUNT BAKER","THEFT-ALL OTHER",698,3,2,3
"MOUNT BAKER","THEFT-BICYCLE",72,2,4,2
"MOUNT BAKER","THEFT-BUILDING",244,5,4,5
"MOUNT BAKER","THEFT-SHOPLIFT",633,1,2,1
"MOUNT BAKER","TRESPASS",291,4,2,5
"MOUNT BAKER","WEAPON",92,9,8,9
"NEW HOLLY","",3,NA,NA,NA
"NEW HOLLY","AGGRAVATED ASSAULT",122,7,7,8
"NEW HOLLY","AGGRAVATED ASSAULT-DV",84,5,5,6
"NEW HOLLY","ARSON",24,8,8,10
"NEW HOLLY","BURGLARY-COMMERCIAL",112,1,1,3
"NEW HOLLY","BURGLARY-COMMERCIAL-SECURE PARKING",3,1,1,3
"NEW HOLLY","BURGLARY-RESIDENTIAL",402,8,7,4
"NEW HOLLY","BURGLARY-RESIDENTIAL-SECURE PARKING",7,8,7,4
"NEW HOLLY","CAR PROWL",554,5,5,5
"NEW HOLLY","DUI",45,6,7,5
"NEW HOLLY","FAMILY OFFENSE-NONVIOLENT",78,3,4,4
"NEW HOLLY","GAMBLE",2,3,3,3
"NEW HOLLY","HOMICIDE",4,10,10,10
"NEW HOLLY","LIQUOR LAW VIOLATION",5,1,2,2
"NEW HOLLY","MOTOR VEHICLE THEFT",508,1,2,2
"NEW HOLLY","NARCOTIC",45,10,9,8
"NEW HOLLY","PROSTITUTION",1,8,7,7
"NEW HOLLY","RAPE",12,9,8,9
"NEW HOLLY","ROBBERY-COMMERCIAL",47,5,5,5
"NEW HOLLY","ROBBERY-RESIDENTIAL",23,8,7,9
"NEW HOLLY","ROBBERY-STREET",218,7,7,9
"NEW HOLLY","SEX OFFENSE-OTHER",42,8,6,6
"NEW HOLLY","THEFT-ALL OTHER",318,3,2,3
"NEW HOLLY","THEFT-BICYCLE",28,2,4,2
"NEW HOLLY","THEFT-BUILDING",103,5,4,5
"NEW HOLLY","THEFT-SHOPLIFT",293,1,2,1
"NEW HOLLY","TRESPASS",68,4,2,5
"NEW HOLLY","WEAPON",43,9,8,9
"NORTH ADMIRAL","",3,NA,NA,NA
"NORTH ADMIRAL","AGGRAVATED ASSAULT",100,7,7,8
"NORTH ADMIRAL","AGGRAVATED ASSAULT-DV",60,5,5,6
"NORTH ADMIRAL","ARSON",21,8,8,10
"NORTH ADMIRAL","BURGLARY-COMMERCIAL",179,1,1,3
"NORTH ADMIRAL","BURGLARY-COMMERCIAL-SECURE PARKING",5,1,1,3
"NORTH ADMIRAL","BURGLARY-RESIDENTIAL",647,8,7,4
"NORTH ADMIRAL","BURGLARY-RESIDENTIAL-SECURE PARKING",66,8,7,4
"NORTH ADMIRAL","CAR PROWL",1504,5,5,5
"NORTH ADMIRAL","DUI",141,6,7,5
"NORTH ADMIRAL","FAMILY OFFENSE-NONVIOLENT",67,3,4,4
"NORTH ADMIRAL","HOMICIDE",1,10,10,10
"NORTH ADMIRAL","LIQUOR LAW VIOLATION",20,1,2,2
"NORTH ADMIRAL","LOITERING",1,0,0,0
"NORTH ADMIRAL","MOTOR VEHICLE THEFT",465,1,2,2
"NORTH ADMIRAL","NARCOTIC",63,10,9,8
"NORTH ADMIRAL","PORNOGRAPHY",3,0,0,0
"NORTH ADMIRAL","PROSTITUTION",1,8,7,7
"NORTH ADMIRAL","RAPE",17,9,8,9
"NORTH ADMIRAL","ROBBERY-COMMERCIAL",52,5,5,5
"NORTH ADMIRAL","ROBBERY-RESIDENTIAL",5,8,7,9
"NORTH ADMIRAL","ROBBERY-STREET",68,7,7,9
"NORTH ADMIRAL","SEX OFFENSE-OTHER",92,8,6,6
"NORTH ADMIRAL","THEFT-ALL OTHER",549,3,2,3
"NORTH ADMIRAL","THEFT-BICYCLE",116,2,4,2
"NORTH ADMIRAL","THEFT-BUILDING",188,5,4,5
"NORTH ADMIRAL","THEFT-SHOPLIFT",408,1,2,1
"NORTH ADMIRAL","TRESPASS",83,4,2,5
"NORTH ADMIRAL","WEAPON",28,9,8,9
"NORTH BEACON HILL","",4,NA,NA,NA
"NORTH BEACON HILL","AGGRAVATED ASSAULT",287,7,7,8
"NORTH BEACON HILL","AGGRAVATED ASSAULT-DV",196,5,5,6
"NORTH BEACON HILL","ARSON",18,8,8,10
"NORTH BEACON HILL","BURGLARY-COMMERCIAL",255,1,1,3
"NORTH BEACON HILL","BURGLARY-COMMERCIAL-SECURE PARKING",3,1,1,3
"NORTH BEACON HILL","BURGLARY-RESIDENTIAL",1051,8,7,4
"NORTH BEACON HILL","BURGLARY-RESIDENTIAL-SECURE PARKING",16,8,7,4
"NORTH BEACON HILL","CAR PROWL",2462,5,5,5
"NORTH BEACON HILL","DISORDERLY CONDUCT",5,3,4,4
"NORTH BEACON HILL","DUI",206,6,7,5
"NORTH BEACON HILL","FAMILY OFFENSE-NONVIOLENT",116,3,4,4
"NORTH BEACON HILL","HOMICIDE",8,10,10,10
"NORTH BEACON HILL","LIQUOR LAW VIOLATION",17,1,2,2
"NORTH BEACON HILL","LOITERING",2,0,0,0
"NORTH BEACON HILL","MOTOR VEHICLE THEFT",1149,1,2,2
"NORTH BEACON HILL","NARCOTIC",255,10,9,8
"NORTH BEACON HILL","PORNOGRAPHY",3,0,0,0
"NORTH BEACON HILL","PROSTITUTION",51,8,7,7
"NORTH BEACON HILL","RAPE",38,9,8,9
"NORTH BEACON HILL","ROBBERY-COMMERCIAL",152,5,5,5
"NORTH BEACON HILL","ROBBERY-RESIDENTIAL",35,8,7,9
"NORTH BEACON HILL","ROBBERY-STREET",328,7,7,9
"NORTH BEACON HILL","SEX OFFENSE-OTHER",113,8,6,6
"NORTH BEACON HILL","THEFT-ALL OTHER",762,3,2,3
"NORTH BEACON HILL","THEFT-BICYCLE",117,2,4,2
"NORTH BEACON HILL","THEFT-BUILDING",247,5,4,5
"NORTH BEACON HILL","THEFT-SHOPLIFT",1024,1,2,1
"NORTH BEACON HILL","TRESPASS",272,4,2,5
"NORTH BEACON HILL","WEAPON",90,9,8,9
"NORTH DELRIDGE","",2,NA,NA,NA
"NORTH DELRIDGE","AGGRAVATED ASSAULT",121,7,7,8
"NORTH DELRIDGE","AGGRAVATED ASSAULT-DV",93,5,5,6
"NORTH DELRIDGE","ARSON",12,8,8,10
"NORTH DELRIDGE","BURGLARY-COMMERCIAL",192,1,1,3
"NORTH DELRIDGE","BURGLARY-COMMERCIAL-SECURE PARKING",6,1,1,3
"NORTH DELRIDGE","BURGLARY-RESIDENTIAL",496,8,7,4
"NORTH DELRIDGE","BURGLARY-RESIDENTIAL-SECURE PARKING",58,8,7,4
"NORTH DELRIDGE","CAR PROWL",848,5,5,5
"NORTH DELRIDGE","DISORDERLY CONDUCT",1,3,4,4
"NORTH DELRIDGE","DUI",101,6,7,5
"NORTH DELRIDGE","FAMILY OFFENSE-NONVIOLENT",107,3,4,4
"NORTH DELRIDGE","LIQUOR LAW VIOLATION",3,1,2,2
"NORTH DELRIDGE","MOTOR VEHICLE THEFT",389,1,2,2
"NORTH DELRIDGE","NARCOTIC",57,10,9,8
"NORTH DELRIDGE","PORNOGRAPHY",2,0,0,0
"NORTH DELRIDGE","PROSTITUTION",2,8,7,7
"NORTH DELRIDGE","RAPE",21,9,8,9
"NORTH DELRIDGE","ROBBERY-COMMERCIAL",6,5,5,5
"NORTH DELRIDGE","ROBBERY-RESIDENTIAL",13,8,7,9
"NORTH DELRIDGE","ROBBERY-STREET",63,7,7,9
"NORTH DELRIDGE","SEX OFFENSE-OTHER",55,8,6,6
"NORTH DELRIDGE","THEFT-ALL OTHER",519,3,2,3
"NORTH DELRIDGE","THEFT-BICYCLE",46,2,4,2
"NORTH DELRIDGE","THEFT-BUILDING",165,5,4,5
"NORTH DELRIDGE","THEFT-SHOPLIFT",26,1,2,1
"NORTH DELRIDGE","TRESPASS",104,4,2,5
"NORTH DELRIDGE","WEAPON",46,9,8,9
"NORTHGATE","",12,NA,NA,NA
"NORTHGATE","AGGRAVATED ASSAULT",653,7,7,8
"NORTHGATE","AGGRAVATED ASSAULT-DV",359,5,5,6
"NORTHGATE","ARSON",58,8,8,10
"NORTHGATE","BURGLARY-COMMERCIAL",1205,1,1,3
"NORTHGATE","BURGLARY-COMMERCIAL-SECURE PARKING",19,1,1,3
"NORTHGATE","BURGLARY-RESIDENTIAL",2510,8,7,4
"NORTHGATE","BURGLARY-RESIDENTIAL-SECURE PARKING",226,8,7,4
"NORTHGATE","CAR PROWL",7123,5,5,5
"NORTHGATE","DISORDERLY CONDUCT",7,3,4,4
"NORTHGATE","DUI",574,6,7,5
"NORTHGATE","FAMILY OFFENSE-NONVIOLENT",382,3,4,4
"NORTHGATE","HOMICIDE",9,10,10,10
"NORTHGATE","LIQUOR LAW VIOLATION",45,1,2,2
"NORTHGATE","LOITERING",1,0,0,0
"NORTHGATE","MOTOR VEHICLE THEFT",2787,1,2,2
"NORTHGATE","NARCOTIC",627,10,9,8
"NORTHGATE","PORNOGRAPHY",7,0,0,0
"NORTHGATE","PROSTITUTION",1456,8,7,7
"NORTHGATE","RAPE",106,9,8,9
"NORTHGATE","ROBBERY-COMMERCIAL",409,5,5,5
"NORTHGATE","ROBBERY-RESIDENTIAL",63,8,7,9
"NORTHGATE","ROBBERY-STREET",557,7,7,9
"NORTHGATE","SEX OFFENSE-OTHER",288,8,6,6
"NORTHGATE","THEFT-ALL OTHER",3026,3,2,3
"NORTHGATE","THEFT-BICYCLE",500,2,4,2
"NORTHGATE","THEFT-BUILDING",1347,5,4,5
"NORTHGATE","THEFT-SHOPLIFT",5224,1,2,1
"NORTHGATE","TRESPASS",1041,4,2,5
"NORTHGATE","WEAPON",199,9,8,9
"PHINNEY RIDGE","",3,NA,NA,NA
"PHINNEY RIDGE","AGGRAVATED ASSAULT",55,7,7,8
"PHINNEY RIDGE","AGGRAVATED ASSAULT-DV",28,5,5,6
"PHINNEY RIDGE","ARSON",7,8,8,10
"PHINNEY RIDGE","BURGLARY-COMMERCIAL",202,1,1,3
"PHINNEY RIDGE","BURGLARY-COMMERCIAL-SECURE PARKING",3,1,1,3
"PHINNEY RIDGE","BURGLARY-RESIDENTIAL",555,8,7,4
"PHINNEY RIDGE","BURGLARY-RESIDENTIAL-SECURE PARKING",70,8,7,4
"PHINNEY RIDGE","CAR PROWL",2045,5,5,5
"PHINNEY RIDGE","DISORDERLY CONDUCT",1,3,4,4
"PHINNEY RIDGE","DUI",153,6,7,5
"PHINNEY RIDGE","FAMILY OFFENSE-NONVIOLENT",38,3,4,4
"PHINNEY RIDGE","HOMICIDE",2,10,10,10
"PHINNEY RIDGE","LIQUOR LAW VIOLATION",14,1,2,2
"PHINNEY RIDGE","MOTOR VEHICLE THEFT",587,1,2,2
"PHINNEY RIDGE","NARCOTIC",33,10,9,8
"PHINNEY RIDGE","PROSTITUTION",2,8,7,7
"PHINNEY RIDGE","RAPE",9,9,8,9
"PHINNEY RIDGE","ROBBERY-COMMERCIAL",17,5,5,5
"PHINNEY RIDGE","ROBBERY-RESIDENTIAL",5,8,7,9
"PHINNEY RIDGE","ROBBERY-STREET",40,7,7,9
"PHINNEY RIDGE","SEX OFFENSE-OTHER",43,8,6,6
"PHINNEY RIDGE","THEFT-ALL OTHER",453,3,2,3
"PHINNEY RIDGE","THEFT-BICYCLE",104,2,4,2
"PHINNEY RIDGE","THEFT-BUILDING",85,5,4,5
"PHINNEY RIDGE","THEFT-SHOPLIFT",45,1,2,1
"PHINNEY RIDGE","TRESPASS",66,4,2,5
"PHINNEY RIDGE","WEAPON",10,9,8,9
"PIGEON POINT","AGGRAVATED ASSAULT",13,7,7,8
"PIGEON POINT","AGGRAVATED ASSAULT-DV",14,5,5,6
"PIGEON POINT","BURGLARY-COMMERCIAL",49,1,1,3
"PIGEON POINT","BURGLARY-COMMERCIAL-SECURE PARKING",2,1,1,3
"PIGEON POINT","BURGLARY-RESIDENTIAL",80,8,7,4
"PIGEON POINT","CAR PROWL",179,5,5,5
"PIGEON POINT","DUI",10,6,7,5
"PIGEON POINT","FAMILY OFFENSE-NONVIOLENT",12,3,4,4
"PIGEON POINT","LIQUOR LAW VIOLATION",2,1,2,2
"PIGEON POINT","MOTOR VEHICLE THEFT",80,1,2,2
"PIGEON POINT","NARCOTIC",7,10,9,8
"PIGEON POINT","RAPE",1,9,8,9
"PIGEON POINT","ROBBERY-RESIDENTIAL",2,8,7,9
"PIGEON POINT","ROBBERY-STREET",15,7,7,9
"PIGEON POINT","SEX OFFENSE-OTHER",4,8,6,6
"PIGEON POINT","THEFT-ALL OTHER",97,3,2,3
"PIGEON POINT","THEFT-BICYCLE",12,2,4,2
"PIGEON POINT","THEFT-BUILDING",18,5,4,5
"PIGEON POINT","THEFT-SHOPLIFT",1,1,2,1
"PIGEON POINT","TRESPASS",7,4,2,5
"PIGEON POINT","WEAPON",4,9,8,9
"PIONEER SQUARE","",5,NA,NA,NA
"PIONEER SQUARE","AGGRAVATED ASSAULT",718,7,7,8
"PIONEER SQUARE","AGGRAVATED ASSAULT-DV",77,5,5,6
"PIONEER SQUARE","ARSON",14,8,8,10
"PIONEER SQUARE","BURGLARY-COMMERCIAL",373,1,1,3
"PIONEER SQUARE","BURGLARY-COMMERCIAL-SECURE PARKING",9,1,1,3
"PIONEER SQUARE","BURGLARY-RESIDENTIAL",82,8,7,4
"PIONEER SQUARE","BURGLARY-RESIDENTIAL-SECURE PARKING",34,8,7,4
"PIONEER SQUARE","CAR PROWL",2246,5,5,5
"PIONEER SQUARE","DISORDERLY CONDUCT",17,3,4,4
"PIONEER SQUARE","DUI",338,6,7,5
"PIONEER SQUARE","FAMILY OFFENSE-NONVIOLENT",56,3,4,4
"PIONEER SQUARE","HOMICIDE",8,10,10,10
"PIONEER SQUARE","LIQUOR LAW VIOLATION",125,1,2,2
"PIONEER SQUARE","LOITERING",42,0,0,0
"PIONEER SQUARE","MOTOR VEHICLE THEFT",280,1,2,2
"PIONEER SQUARE","NARCOTIC",797,10,9,8
"PIONEER SQUARE","PORNOGRAPHY",1,0,0,0
"PIONEER SQUARE","PROSTITUTION",23,8,7,7
"PIONEER SQUARE","RAPE",39,9,8,9
"PIONEER SQUARE","ROBBERY-COMMERCIAL",31,5,5,5
"PIONEER SQUARE","ROBBERY-RESIDENTIAL",11,8,7,9
"PIONEER SQUARE","ROBBERY-STREET",359,7,7,9
"PIONEER SQUARE","SEX OFFENSE-OTHER",129,8,6,6
"PIONEER SQUARE","THEFT-ALL OTHER",1246,3,2,3
"PIONEER SQUARE","THEFT-BICYCLE",156,2,4,2
"PIONEER SQUARE","THEFT-BUILDING",682,5,4,5
"PIONEER SQUARE","THEFT-SHOPLIFT",163,1,2,1
"PIONEER SQUARE","TRESPASS",626,4,2,5
"PIONEER SQUARE","WEAPON",130,9,8,9
"QUEEN ANNE","",17,NA,NA,NA
"QUEEN ANNE","AGGRAVATED ASSAULT",460,7,7,8
"QUEEN ANNE","AGGRAVATED ASSAULT-DV",204,5,5,6
"QUEEN ANNE","ARSON",51,8,8,10
"QUEEN ANNE","BURGLARY-COMMERCIAL",1493,1,1,3
"QUEEN ANNE","BURGLARY-COMMERCIAL-SECURE PARKING",136,1,1,3
"QUEEN ANNE","BURGLARY-RESIDENTIAL",2400,8,7,4
"QUEEN ANNE","BURGLARY-RESIDENTIAL-SECURE PARKING",1135,8,7,4
"QUEEN ANNE","CAR PROWL",10933,5,5,5
"QUEEN ANNE","DISORDERLY CONDUCT",8,3,4,4
"QUEEN ANNE","DUI",834,6,7,5
"QUEEN ANNE","FAMILY OFFENSE-NONVIOLENT",192,3,4,4
"QUEEN ANNE","HOMICIDE",10,10,10,10
"QUEEN ANNE","LIQUOR LAW VIOLATION",62,1,2,2
"QUEEN ANNE","LOITERING",1,0,0,0
"QUEEN ANNE","MOTOR VEHICLE THEFT",2451,1,2,2
"QUEEN ANNE","NARCOTIC",254,10,9,8
"QUEEN ANNE","PORNOGRAPHY",3,0,0,0
"QUEEN ANNE","PROSTITUTION",27,8,7,7
"QUEEN ANNE","RAPE",68,9,8,9
"QUEEN ANNE","ROBBERY-COMMERCIAL",150,5,5,5
"QUEEN ANNE","ROBBERY-RESIDENTIAL",26,8,7,9
"QUEEN ANNE","ROBBERY-STREET",217,7,7,9
"QUEEN ANNE","SEX OFFENSE-OTHER",229,8,6,6
"QUEEN ANNE","THEFT-ALL OTHER",2470,3,2,3
"QUEEN ANNE","THEFT-BICYCLE",623,2,4,2
"QUEEN ANNE","THEFT-BUILDING",954,5,4,5
"QUEEN ANNE","THEFT-SHOPLIFT",1320,1,2,1
"QUEEN ANNE","TRESPASS",566,4,2,5
"QUEEN ANNE","WEAPON",108,9,8,9
"RAINIER BEACH","",2,NA,NA,NA
"RAINIER BEACH","AGGRAVATED ASSAULT",306,7,7,8
"RAINIER BEACH","AGGRAVATED ASSAULT-DV",182,5,5,6
"RAINIER BEACH","ARSON",15,8,8,10
"RAINIER BEACH","BURGLARY-COMMERCIAL",182,1,1,3
"RAINIER BEACH","BURGLARY-RESIDENTIAL",559,8,7,4
"RAINIER BEACH","BURGLARY-RESIDENTIAL-SECURE PARKING",4,8,7,4
"RAINIER BEACH","CAR PROWL",974,5,5,5
"RAINIER BEACH","DISORDERLY CONDUCT",4,3,4,4
"RAINIER BEACH","DUI",118,6,7,5
"RAINIER BEACH","FAMILY OFFENSE-NONVIOLENT",152,3,4,4
"RAINIER BEACH","GAMBLE",1,3,3,3
"RAINIER BEACH","HOMICIDE",8,10,10,10
"RAINIER BEACH","LIQUOR LAW VIOLATION",29,1,2,2
"RAINIER BEACH","LOITERING",3,0,0,0
"RAINIER BEACH","MOTOR VEHICLE THEFT",628,1,2,2
"RAINIER BEACH","NARCOTIC",202,10,9,8
"RAINIER BEACH","PORNOGRAPHY",2,0,0,0
"RAINIER BEACH","PROSTITUTION",2,8,7,7
"RAINIER BEACH","RAPE",22,9,8,9
"RAINIER BEACH","ROBBERY-COMMERCIAL",119,5,5,5
"RAINIER BEACH","ROBBERY-RESIDENTIAL",20,8,7,9
"RAINIER BEACH","ROBBERY-STREET",354,7,7,9
"RAINIER BEACH","SEX OFFENSE-OTHER",78,8,6,6
"RAINIER BEACH","THEFT-ALL OTHER",518,3,2,3
"RAINIER BEACH","THEFT-BICYCLE",34,2,4,2
"RAINIER BEACH","THEFT-BUILDING",231,5,4,5
"RAINIER BEACH","THEFT-SHOPLIFT",737,1,2,1
"RAINIER BEACH","TRESPASS",248,4,2,5
"RAINIER BEACH","WEAPON",146,9,8,9
"RAINIER VIEW","AGGRAVATED ASSAULT",102,7,7,8
"RAINIER VIEW","AGGRAVATED ASSAULT-DV",168,5,5,6
"RAINIER VIEW","ARSON",12,8,8,10
"RAINIER VIEW","BURGLARY-COMMERCIAL",301,1,1,3
"RAINIER VIEW","BURGLARY-COMMERCIAL-SECURE PARKING",1,1,1,3
"RAINIER VIEW","BURGLARY-RESIDENTIAL",1392,8,7,4
"RAINIER VIEW","BURGLARY-RESIDENTIAL-SECURE PARKING",1,8,7,4
"RAINIER VIEW","CAR PROWL",1465,5,5,5
"RAINIER VIEW","DUI",138,6,7,5
"RAINIER VIEW","FAMILY OFFENSE-NONVIOLENT",120,3,4,4
"RAINIER VIEW","HOMICIDE",6,10,10,10
"RAINIER VIEW","LIQUOR LAW VIOLATION",6,1,2,2
"RAINIER VIEW","MOTOR VEHICLE THEFT",682,1,2,2
"RAINIER VIEW","NARCOTIC",83,10,9,8
"RAINIER VIEW","RAPE",17,9,8,9
"RAINIER VIEW","ROBBERY-COMMERCIAL",2,5,5,5
"RAINIER VIEW","ROBBERY-RESIDENTIAL",24,8,7,9
"RAINIER VIEW","ROBBERY-STREET",109,7,7,9
"RAINIER VIEW","SEX OFFENSE-OTHER",56,8,6,6
"RAINIER VIEW","THEFT-ALL OTHER",533,3,2,3
"RAINIER VIEW","THEFT-BICYCLE",7,2,4,2
"RAINIER VIEW","THEFT-BUILDING",99,5,4,5
"RAINIER VIEW","THEFT-SHOPLIFT",18,1,2,1
"RAINIER VIEW","TRESPASS",64,4,2,5
"RAINIER VIEW","WEAPON",86,9,8,9
"ROOSEVELT/RAVENNA","",10,NA,NA,NA
"ROOSEVELT/RAVENNA","AGGRAVATED ASSAULT",244,7,7,8
"ROOSEVELT/RAVENNA","AGGRAVATED ASSAULT-DV",128,5,5,6
"ROOSEVELT/RAVENNA","ARSON",26,8,8,10
"ROOSEVELT/RAVENNA","BURGLARY-COMMERCIAL",957,1,1,3
"ROOSEVELT/RAVENNA","BURGLARY-COMMERCIAL-SECURE PARKING",20,1,1,3
"ROOSEVELT/RAVENNA","BURGLARY-RESIDENTIAL",1986,8,7,4
"ROOSEVELT/RAVENNA","BURGLARY-RESIDENTIAL-SECURE PARKING",353,8,7,4
"ROOSEVELT/RAVENNA","CAR PROWL",6959,5,5,5
"ROOSEVELT/RAVENNA","DISORDERLY CONDUCT",4,3,4,4
"ROOSEVELT/RAVENNA","DUI",353,6,7,5
"ROOSEVELT/RAVENNA","FAMILY OFFENSE-NONVIOLENT",161,3,4,4
"ROOSEVELT/RAVENNA","HOMICIDE",4,10,10,10
"ROOSEVELT/RAVENNA","LIQUOR LAW VIOLATION",35,1,2,2
"ROOSEVELT/RAVENNA","MOTOR VEHICLE THEFT",2071,1,2,2
"ROOSEVELT/RAVENNA","NARCOTIC",131,10,9,8
"ROOSEVELT/RAVENNA","PORNOGRAPHY",4,0,0,0
"ROOSEVELT/RAVENNA","PROSTITUTION",12,8,7,7
"ROOSEVELT/RAVENNA","RAPE",47,9,8,9
"ROOSEVELT/RAVENNA","ROBBERY-COMMERCIAL",184,5,5,5
"ROOSEVELT/RAVENNA","ROBBERY-RESIDENTIAL",22,8,7,9
"ROOSEVELT/RAVENNA","ROBBERY-STREET",189,7,7,9
"ROOSEVELT/RAVENNA","SEX OFFENSE-OTHER",187,8,6,6
"ROOSEVELT/RAVENNA","THEFT-ALL OTHER",1747,3,2,3
"ROOSEVELT/RAVENNA","THEFT-BICYCLE",551,2,4,2
"ROOSEVELT/RAVENNA","THEFT-BUILDING",562,5,4,5
"ROOSEVELT/RAVENNA","THEFT-SHOPLIFT",2042,1,2,1
"ROOSEVELT/RAVENNA","TRESPASS",379,4,2,5
"ROOSEVELT/RAVENNA","WEAPON",83,9,8,9
"ROXHILL/WESTWOOD/ARBOR HEIGHTS","",1,NA,NA,NA
"ROXHILL/WESTWOOD/ARBOR HEIGHTS","AGGRAVATED ASSAULT",166,7,7,8
"ROXHILL/WESTWOOD/ARBOR HEIGHTS","AGGRAVATED ASSAULT-DV",117,5,5,6
"ROXHILL/WESTWOOD/ARBOR HEIGHTS","ARSON",26,8,8,10
"ROXHILL/WESTWOOD/ARBOR HEIGHTS","BURGLARY-COMMERCIAL",244,1,1,3
"ROXHILL/WESTWOOD/ARBOR HEIGHTS","BURGLARY-COMMERCIAL-SECURE PARKING",1,1,1,3
"ROXHILL/WESTWOOD/ARBOR HEIGHTS","BURGLARY-RESIDENTIAL",1062,8,7,4
"ROXHILL/WESTWOOD/ARBOR HEIGHTS","BURGLARY-RESIDENTIAL-SECURE PARKING",29,8,7,4
"ROXHILL/WESTWOOD/ARBOR HEIGHTS","CAR PROWL",1912,5,5,5
"ROXHILL/WESTWOOD/ARBOR HEIGHTS","DISORDERLY CONDUCT",2,3,4,4
"ROXHILL/WESTWOOD/ARBOR HEIGHTS","DUI",90,6,7,5
"ROXHILL/WESTWOOD/ARBOR HEIGHTS","FAMILY OFFENSE-NONVIOLENT",159,3,4,4
"ROXHILL/WESTWOOD/ARBOR HEIGHTS","HOMICIDE",3,10,10,10
"ROXHILL/WESTWOOD/ARBOR HEIGHTS","LIQUOR LAW VIOLATION",18,1,2,2
"ROXHILL/WESTWOOD/ARBOR HEIGHTS","LOITERING",3,0,0,0
"ROXHILL/WESTWOOD/ARBOR HEIGHTS","MOTOR VEHICLE THEFT",797,1,2,2
"ROXHILL/WESTWOOD/ARBOR HEIGHTS","NARCOTIC",94,10,9,8
"ROXHILL/WESTWOOD/ARBOR HEIGHTS","PORNOGRAPHY",3,0,0,0
"ROXHILL/WESTWOOD/ARBOR HEIGHTS","PROSTITUTION",2,8,7,7
"ROXHILL/WESTWOOD/ARBOR HEIGHTS","RAPE",35,9,8,9
"ROXHILL/WESTWOOD/ARBOR HEIGHTS","ROBBERY-COMMERCIAL",117,5,5,5
"ROXHILL/WESTWOOD/ARBOR HEIGHTS","ROBBERY-RESIDENTIAL",14,8,7,9
"ROXHILL/WESTWOOD/ARBOR HEIGHTS","ROBBERY-STREET",141,7,7,9
"ROXHILL/WESTWOOD/ARBOR HEIGHTS","SEX OFFENSE-OTHER",109,8,6,6
"ROXHILL/WESTWOOD/ARBOR HEIGHTS","THEFT-ALL OTHER",802,3,2,3
"ROXHILL/WESTWOOD/ARBOR HEIGHTS","THEFT-BICYCLE",89,2,4,2
"ROXHILL/WESTWOOD/ARBOR HEIGHTS","THEFT-BUILDING",335,5,4,5
"ROXHILL/WESTWOOD/ARBOR HEIGHTS","THEFT-SHOPLIFT",1550,1,2,1
"ROXHILL/WESTWOOD/ARBOR HEIGHTS","TRESPASS",219,4,2,5
"ROXHILL/WESTWOOD/ARBOR HEIGHTS","WEAPON",80,9,8,9
"SANDPOINT","",3,NA,NA,NA
"SANDPOINT","AGGRAVATED ASSAULT",108,7,7,8
"SANDPOINT","AGGRAVATED ASSAULT-DV",126,5,5,6
"SANDPOINT","ARSON",19,8,8,10
"SANDPOINT","BURGLARY-COMMERCIAL",400,1,1,3
"SANDPOINT","BURGLARY-COMMERCIAL-SECURE PARKING",7,1,1,3
"SANDPOINT","BURGLARY-RESIDENTIAL",2306,8,7,4
"SANDPOINT","BURGLARY-RESIDENTIAL-SECURE PARKING",54,8,7,4
"SANDPOINT","CAR PROWL",3559,5,5,5
"SANDPOINT","DISORDERLY CONDUCT",2,3,4,4
"SANDPOINT","DUI",173,6,7,5
"SANDPOINT","FAMILY OFFENSE-NONVIOLENT",491,3,4,4
"SANDPOINT","HOMICIDE",2,10,10,10
"SANDPOINT","LIQUOR LAW VIOLATION",9,1,2,2
"SANDPOINT","MOTOR VEHICLE THEFT",848,1,2,2
"SANDPOINT","NARCOTIC",52,10,9,8
"SANDPOINT","PORNOGRAPHY",1,0,0,0
"SANDPOINT","PROSTITUTION",10,8,7,7
"SANDPOINT","RAPE",32,9,8,9
"SANDPOINT","ROBBERY-COMMERCIAL",51,5,5,5
"SANDPOINT","ROBBERY-RESIDENTIAL",18,8,7,9
"SANDPOINT","ROBBERY-STREET",79,7,7,9
"SANDPOINT","SEX OFFENSE-OTHER",160,8,6,6
"SANDPOINT","THEFT-ALL OTHER",1121,3,2,3
"SANDPOINT","THEFT-BICYCLE",324,2,4,2
"SANDPOINT","THEFT-BUILDING",257,5,4,5
"SANDPOINT","THEFT-SHOPLIFT",296,1,2,1
"SANDPOINT","TRESPASS",113,4,2,5
"SANDPOINT","WEAPON",28,9,8,9
"SLU/CASCADE","",12,NA,NA,NA
"SLU/CASCADE","AGGRAVATED ASSAULT",810,7,7,8
"SLU/CASCADE","AGGRAVATED ASSAULT-DV",224,5,5,6
"SLU/CASCADE","ARSON",37,8,8,10
"SLU/CASCADE","BURGLARY-COMMERCIAL",1134,1,1,3
"SLU/CASCADE","BURGLARY-COMMERCIAL-SECURE PARKING",231,1,1,3
"SLU/CASCADE","BURGLARY-RESIDENTIAL",545,8,7,4
"SLU/CASCADE","BURGLARY-RESIDENTIAL-SECURE PARKING",632,8,7,4
"SLU/CASCADE","CAR PROWL",7664,5,5,5
"SLU/CASCADE","DISORDERLY CONDUCT",19,3,4,4
"SLU/CASCADE","DUI",699,6,7,5
"SLU/CASCADE","FAMILY OFFENSE-NONVIOLENT",180,3,4,4
"SLU/CASCADE","HOMICIDE",10,10,10,10
"SLU/CASCADE","LIQUOR LAW VIOLATION",90,1,2,2
"SLU/CASCADE","LOITERING",7,0,0,0
"SLU/CASCADE","MOTOR VEHICLE THEFT",966,1,2,2
"SLU/CASCADE","NARCOTIC",970,10,9,8
"SLU/CASCADE","PORNOGRAPHY",4,0,0,0
"SLU/CASCADE","PROSTITUTION",620,8,7,7
"SLU/CASCADE","RAPE",110,9,8,9
"SLU/CASCADE","ROBBERY-COMMERCIAL",175,5,5,5
"SLU/CASCADE","ROBBERY-RESIDENTIAL",39,8,7,9
"SLU/CASCADE","ROBBERY-STREET",589,7,7,9
"SLU/CASCADE","SEX OFFENSE-OTHER",315,8,6,6
"SLU/CASCADE","THEFT-ALL OTHER",2360,3,2,3
"SLU/CASCADE","THEFT-BICYCLE",742,2,4,2
"SLU/CASCADE","THEFT-BUILDING",1353,5,4,5
"SLU/CASCADE","THEFT-SHOPLIFT",1646,1,2,1
"SLU/CASCADE","TRESPASS",954,4,2,5
"SLU/CASCADE","WEAPON",206,9,8,9
"SODO","",1,NA,NA,NA
"SODO","AGGRAVATED ASSAULT",440,7,7,8
"SODO","AGGRAVATED ASSAULT-DV",88,5,5,6
"SODO","ARSON",25,8,8,10
"SODO","BURGLARY-COMMERCIAL",781,1,1,3
"SODO","BURGLARY-COMMERCIAL-SECURE PARKING",13,1,1,3
"SODO","BURGLARY-RESIDENTIAL",26,8,7,4
"SODO","BURGLARY-RESIDENTIAL-SECURE PARKING",1,8,7,4
"SODO","CAR PROWL",3233,5,5,5
"SODO","DISORDERLY CONDUCT",3,3,4,4
"SODO","DUI",372,6,7,5
"SODO","FAMILY OFFENSE-NONVIOLENT",48,3,4,4
"SODO","HOMICIDE",13,10,10,10
"SODO","LIQUOR LAW VIOLATION",34,1,2,2
"SODO","MOTOR VEHICLE THEFT",648,1,2,2
"SODO","NARCOTIC",288,10,9,8
"SODO","PORNOGRAPHY",3,0,0,0
"SODO","PROSTITUTION",18,8,7,7
"SODO","RAPE",34,9,8,9
"SODO","ROBBERY-COMMERCIAL",89,5,5,5
"SODO","ROBBERY-RESIDENTIAL",3,8,7,9
"SODO","ROBBERY-STREET",184,7,7,9
"SODO","SEX OFFENSE-OTHER",76,8,6,6
"SODO","THEFT-ALL OTHER",903,3,2,3
"SODO","THEFT-BICYCLE",114,2,4,2
"SODO","THEFT-BUILDING",343,5,4,5
"SODO","THEFT-SHOPLIFT",648,1,2,1
"SODO","TRESPASS",336,4,2,5
"SODO","WEAPON",124,9,8,9
"SOUTH BEACON HILL","AGGRAVATED ASSAULT",56,7,7,8
"SOUTH BEACON HILL","AGGRAVATED ASSAULT-DV",83,5,5,6
"SOUTH BEACON HILL","ARSON",10,8,8,10
"SOUTH BEACON HILL","BURGLARY-COMMERCIAL",55,1,1,3
"SOUTH BEACON HILL","BURGLARY-RESIDENTIAL",650,8,7,4
"SOUTH BEACON HILL","CAR PROWL",404,5,5,5
"SOUTH BEACON HILL","DUI",59,6,7,5
"SOUTH BEACON HILL","FAMILY OFFENSE-NONVIOLENT",94,3,4,4
"SOUTH BEACON HILL","HOMICIDE",4,10,10,10
"SOUTH BEACON HILL","LIQUOR LAW VIOLATION",2,1,2,2
"SOUTH BEACON HILL","MOTOR VEHICLE THEFT",246,1,2,2
"SOUTH BEACON HILL","NARCOTIC",49,10,9,8
"SOUTH BEACON HILL","PORNOGRAPHY",1,0,0,0
"SOUTH BEACON HILL","RAPE",12,9,8,9
"SOUTH BEACON HILL","ROBBERY-COMMERCIAL",2,5,5,5
"SOUTH BEACON HILL","ROBBERY-RESIDENTIAL",19,8,7,9
"SOUTH BEACON HILL","ROBBERY-STREET",96,7,7,9
"SOUTH BEACON HILL","SEX OFFENSE-OTHER",40,8,6,6
"SOUTH BEACON HILL","THEFT-ALL OTHER",244,3,2,3
"SOUTH BEACON HILL","THEFT-BICYCLE",4,2,4,2
"SOUTH BEACON HILL","THEFT-BUILDING",52,5,4,5
"SOUTH BEACON HILL","THEFT-SHOPLIFT",9,1,2,1
"SOUTH BEACON HILL","TRESPASS",34,4,2,5
"SOUTH BEACON HILL","WEAPON",26,9,8,9
"SOUTH DELRIDGE","",1,NA,NA,NA
"SOUTH DELRIDGE","AGGRAVATED ASSAULT",67,7,7,8
"SOUTH DELRIDGE","AGGRAVATED ASSAULT-DV",52,5,5,6
"SOUTH DELRIDGE","ARSON",6,8,8,10
"SOUTH DELRIDGE","BURGLARY-COMMERCIAL",111,1,1,3
"SOUTH DELRIDGE","BURGLARY-COMMERCIAL-SECURE PARKING",1,1,1,3
"SOUTH DELRIDGE","BURGLARY-RESIDENTIAL",174,8,7,4
"SOUTH DELRIDGE","BURGLARY-RESIDENTIAL-SECURE PARKING",6,8,7,4
"SOUTH DELRIDGE","CAR PROWL",373,5,5,5
"SOUTH DELRIDGE","DISORDERLY CONDUCT",1,3,4,4
"SOUTH DELRIDGE","DUI",37,6,7,5
"SOUTH DELRIDGE","FAMILY OFFENSE-NONVIOLENT",54,3,4,4
"SOUTH DELRIDGE","GAMBLE",1,3,3,3
"SOUTH DELRIDGE","HOMICIDE",3,10,10,10
"SOUTH DELRIDGE","LIQUOR LAW VIOLATION",6,1,2,2
"SOUTH DELRIDGE","LOITERING",1,0,0,0
"SOUTH DELRIDGE","MOTOR VEHICLE THEFT",245,1,2,2
"SOUTH DELRIDGE","NARCOTIC",72,10,9,8
"SOUTH DELRIDGE","PORNOGRAPHY",1,0,0,0
"SOUTH DELRIDGE","PROSTITUTION",13,8,7,7
"SOUTH DELRIDGE","RAPE",6,9,8,9
"SOUTH DELRIDGE","ROBBERY-COMMERCIAL",35,5,5,5
"SOUTH DELRIDGE","ROBBERY-RESIDENTIAL",9,8,7,9
"SOUTH DELRIDGE","ROBBERY-STREET",69,7,7,9
"SOUTH DELRIDGE","SEX OFFENSE-OTHER",34,8,6,6
"SOUTH DELRIDGE","THEFT-ALL OTHER",186,3,2,3
"SOUTH DELRIDGE","THEFT-BICYCLE",19,2,4,2
"SOUTH DELRIDGE","THEFT-BUILDING",62,5,4,5
"SOUTH DELRIDGE","THEFT-SHOPLIFT",189,1,2,1
"SOUTH DELRIDGE","TRESPASS",95,4,2,5
"SOUTH DELRIDGE","WEAPON",44,9,8,9
"SOUTH PARK","",3,NA,NA,NA
"SOUTH PARK","AGGRAVATED ASSAULT",179,7,7,8
"SOUTH PARK","AGGRAVATED ASSAULT-DV",122,5,5,6
"SOUTH PARK","ARSON",15,8,8,10
"SOUTH PARK","BURGLARY-COMMERCIAL",395,1,1,3
"SOUTH PARK","BURGLARY-COMMERCIAL-SECURE PARKING",9,1,1,3
"SOUTH PARK","BURGLARY-RESIDENTIAL",444,8,7,4
"SOUTH PARK","BURGLARY-RESIDENTIAL-SECURE PARKING",1,8,7,4
"SOUTH PARK","CAR PROWL",781,5,5,5
"SOUTH PARK","DUI",106,6,7,5
"SOUTH PARK","FAMILY OFFENSE-NONVIOLENT",105,3,4,4
"SOUTH PARK","HOMICIDE",6,10,10,10
"SOUTH PARK","LIQUOR LAW VIOLATION",14,1,2,2
"SOUTH PARK","MOTOR VEHICLE THEFT",576,1,2,2
"SOUTH PARK","NARCOTIC",130,10,9,8
"SOUTH PARK","PORNOGRAPHY",1,0,0,0
"SOUTH PARK","PROSTITUTION",21,8,7,7
"SOUTH PARK","RAPE",11,9,8,9
"SOUTH PARK","ROBBERY-COMMERCIAL",22,5,5,5
"SOUTH PARK","ROBBERY-RESIDENTIAL",12,8,7,9
"SOUTH PARK","ROBBERY-STREET",93,7,7,9
"SOUTH PARK","SEX OFFENSE-OTHER",61,8,6,6
"SOUTH PARK","THEFT-ALL OTHER",535,3,2,3
"SOUTH PARK","THEFT-BICYCLE",45,2,4,2
"SOUTH PARK","THEFT-BUILDING",109,5,4,5
"SOUTH PARK","THEFT-SHOPLIFT",50,1,2,1
"SOUTH PARK","TRESPASS",109,4,2,5
"SOUTH PARK","WEAPON",74,9,8,9
"UNIVERSITY","",14,NA,NA,NA
"UNIVERSITY","AGGRAVATED ASSAULT",716,7,7,8
"UNIVERSITY","AGGRAVATED ASSAULT-DV",134,5,5,6
"UNIVERSITY","ARSON",78,8,8,10
"UNIVERSITY","BURGLARY-COMMERCIAL",838,1,1,3
"UNIVERSITY","BURGLARY-COMMERCIAL-SECURE PARKING",77,1,1,3
"UNIVERSITY","BURGLARY-RESIDENTIAL",2021,8,7,4
"UNIVERSITY","BURGLARY-RESIDENTIAL-SECURE PARKING",981,8,7,4
"UNIVERSITY","CAR PROWL",4727,5,5,5
"UNIVERSITY","DISORDERLY CONDUCT",11,3,4,4
"UNIVERSITY","DUI",262,6,7,5
"UNIVERSITY","FAMILY OFFENSE-NONVIOLENT",73,3,4,4
"UNIVERSITY","GAMBLE",1,3,3,3
"UNIVERSITY","HOMICIDE",6,10,10,10
"UNIVERSITY","LIQUOR LAW VIOLATION",83,1,2,2
"UNIVERSITY","LOITERING",2,0,0,0
"UNIVERSITY","MOTOR VEHICLE THEFT",1796,1,2,2
"UNIVERSITY","NARCOTIC",499,10,9,8
"UNIVERSITY","PORNOGRAPHY",2,0,0,0
"UNIVERSITY","PROSTITUTION",211,8,7,7
"UNIVERSITY","RAPE",76,9,8,9
"UNIVERSITY","ROBBERY-COMMERCIAL",181,5,5,5
"UNIVERSITY","ROBBERY-RESIDENTIAL",39,8,7,9
"UNIVERSITY","ROBBERY-STREET",514,7,7,9
"UNIVERSITY","SEX OFFENSE-OTHER",217,8,6,6
"UNIVERSITY","THEFT-ALL OTHER",2056,3,2,3
"UNIVERSITY","THEFT-BICYCLE",890,2,4,2
"UNIVERSITY","THEFT-BUILDING",963,5,4,5
"UNIVERSITY","THEFT-SHOPLIFT",2356,1,2,1
"UNIVERSITY","TRESPASS",843,4,2,5
"UNIVERSITY","WEAPON",201,9,8,9
"UNKNOWN","",3,NA,NA,NA
"UNKNOWN","AGGRAVATED ASSAULT",157,7,7,8
"UNKNOWN","AGGRAVATED ASSAULT-DV",58,5,5,6
"UNKNOWN","ARSON",4,8,8,10
"UNKNOWN","BURGLARY-COMMERCIAL",32,1,1,3
"UNKNOWN","BURGLARY-COMMERCIAL-SECURE PARKING",1,1,1,3
"UNKNOWN","BURGLARY-RESIDENTIAL",71,8,7,4
"UNKNOWN","BURGLARY-RESIDENTIAL-SECURE PARKING",7,8,7,4
"UNKNOWN","CAR PROWL",670,5,5,5
"UNKNOWN","DISORDERLY CONDUCT",1,3,4,4
"UNKNOWN","DUI",121,6,7,5
"UNKNOWN","FAMILY OFFENSE-NONVIOLENT",155,3,4,4
"UNKNOWN","LIQUOR LAW VIOLATION",16,1,2,2
"UNKNOWN","LOITERING",1,0,0,0
"UNKNOWN","MOTOR VEHICLE THEFT",85,1,2,2
"UNKNOWN","NARCOTIC",457,10,9,8
"UNKNOWN","PORNOGRAPHY",20,0,0,0
"UNKNOWN","PROSTITUTION",115,8,7,7
"UNKNOWN","RAPE",193,9,8,9
"UNKNOWN","ROBBERY-COMMERCIAL",5,5,5,5
"UNKNOWN","ROBBERY-RESIDENTIAL",4,8,7,9
"UNKNOWN","ROBBERY-STREET",135,7,7,9
"UNKNOWN","SEX OFFENSE-OTHER",378,8,6,6
"UNKNOWN","THEFT-ALL OTHER",423,3,2,3
"UNKNOWN","THEFT-BICYCLE",23,2,4,2
"UNKNOWN","THEFT-BUILDING",44,5,4,5
"UNKNOWN","THEFT-SHOPLIFT",31,1,2,1
"UNKNOWN","TRESPASS",61,4,2,5
"UNKNOWN","WEAPON",95,9,8,9
"WALLINGFORD","",5,NA,NA,NA
"WALLINGFORD","AGGRAVATED ASSAULT",166,7,7,8
"WALLINGFORD","AGGRAVATED ASSAULT-DV",64,5,5,6
"WALLINGFORD","ARSON",18,8,8,10
"WALLINGFORD","BURGLARY-COMMERCIAL",598,1,1,3
"WALLINGFORD","BURGLARY-COMMERCIAL-SECURE PARKING",22,1,1,3
"WALLINGFORD","BURGLARY-RESIDENTIAL",1088,8,7,4
"WALLINGFORD","BURGLARY-RESIDENTIAL-SECURE PARKING",220,8,7,4
"WALLINGFORD","CAR PROWL",3766,5,5,5
"WALLINGFORD","DISORDERLY CONDUCT",2,3,4,4
"WALLINGFORD","DUI",217,6,7,5
"WALLINGFORD","FAMILY OFFENSE-NONVIOLENT",67,3,4,4
"WALLINGFORD","HOMICIDE",3,10,10,10
"WALLINGFORD","LIQUOR LAW VIOLATION",26,1,2,2
"WALLINGFORD","LOITERING",1,0,0,0
"WALLINGFORD","MOTOR VEHICLE THEFT",1221,1,2,2
"WALLINGFORD","NARCOTIC",95,10,9,8
"WALLINGFORD","PROSTITUTION",3,8,7,7
"WALLINGFORD","RAPE",21,9,8,9
"WALLINGFORD","ROBBERY-COMMERCIAL",51,5,5,5
"WALLINGFORD","ROBBERY-RESIDENTIAL",9,8,7,9
"WALLINGFORD","ROBBERY-STREET",85,7,7,9
"WALLINGFORD","SEX OFFENSE-OTHER",72,8,6,6
"WALLINGFORD","THEFT-ALL OTHER",950,3,2,3
"WALLINGFORD","THEFT-BICYCLE",406,2,4,2
"WALLINGFORD","THEFT-BUILDING",220,5,4,5
"WALLINGFORD","THEFT-SHOPLIFT",330,1,2,1
"WALLINGFORD","TRESPASS",250,4,2,5
"WALLINGFORD","WEAPON",32,9,8,9
